,trip_id,Unnamed: 0,block_id,route_id,trip_headsign,trip_start_time,service_id_start,start_stop,start_stop_id,trip_end_time,number_total_stops,total_distance_traveled,service_id_end,end_stop,end_stop_id,trip_start_datetime,trip_end_datetime,timeDelta,timeDelta_minutes,timeDelta_hours
190,13583010,2966,183406901,61C,INBOUND-PITTSBURGH VIA OAKLAND,7:24:00,2,MCKEESPORT TRANSPORTATION CENTER AT BAY #4,22899,8:25:00,85,15.56014888,2,FIFTH AVE + WOOD ST,20856,1/1/2023 7:24,1/1/2023 8:25,0 days 01:01:00,61.0,1.016666667
191,10757010,2967,183406901,61C,OUTBOUND-MCKEESPORT HOMESTEAD VIA OAKLAND-SQ HILL-MURRAY AV,8:25:00,2,FIFTH AVE + WOOD ST,20856,9:19:00,81,14.39115414,2,MCKSPT TRANSPORTATION CTR + BAY #2,17791,1/1/2023 8:25,1/1/2023 9:19,0 days 00:54:00,54.0,0.9
192,11750010,2968,183406901,61C,INBOUND-PITTSBURGH VIA OAKLAND,9:48:00,2,MCKEESPORT TRANSPORTATION CENTER AT BAY #4,22899,11:05:00,85,15.56014888,2,FIFTH AVE + WOOD ST,20856,1/1/2023 9:48,1/1/2023 11:05,0 days 01:17:00,77.0,1.283333333
193,1443010,2969,183406901,61C,OUTBOUND-MCKEESPORT HOMESTEAD VIA OAKLAND-SQ HILL-MURRAY AV,11:05:00,2,FIFTH AVE + WOOD ST,20856,12:05:00,81,14.39115414,2,MCKSPT TRANSPORTATION CTR + BAY #2,17791,1/1/2023 11:05,1/1/2023 12:05,0 days 01:00:00,60.0,1.0
194,8564010,2974,183407201,61C,INBOUND-PITTSBURGH VIA OAKLAND,5:24:00,2,MCKEESPORT TRANSPORTATION CENTER AT BAY #4,22899,6:25:00,85,15.56014888,2,FIFTH AVE + WOOD ST,20856,1/1/2023 5:24,1/1/2023 6:25,0 days 01:01:00,61.0,1.016666667
195,4097010,2975,183407201,61C,OUTBOUND-MCKEESPORT HOMESTEAD VIA OAKLAND-SQ HILL-MURRAY AV,6:25:00,2,FIFTH AVE + WOOD ST,20856,7:13:00,81,14.39115414,2,MCKSPT TRANSPORTATION CTR + BAY #2,17791,1/1/2023 6:25,1/1/2023 7:13,0 days 00:48:00,48.0,0.8
196,8193010,2976,183407201,61C,INBOUND-PITTSBURGH VIA OAKLAND,7:49:00,2,MCKEESPORT TRANSPORTATION CENTER AT BAY #4,22899,9:05:00,85,15.56014888,2,FIFTH AVE + WOOD ST,20856,1/1/2023 7:49,1/1/2023 9:05,0 days 01:16:00,76.0,1.266666667
197,24010,2977,183407201,61C,OUTBOUND-MCKEESPORT HOMESTEAD VIA OAKLAND-SQ HILL-MURRAY AV,9:05:00,2,FIFTH AVE + WOOD ST,20856,9:59:00,81,14.39115414,2,MCKSPT TRANSPORTATION CTR + BAY #2,17791,1/1/2023 9:05,1/1/2023 9:59,0 days 00:54:00,54.0,0.9
200,13331010,2984,183407501,61C,INBOUND-PITTSBURGH VIA OAKLAND,6:44:00,2,MCKEESPORT TRANSPORTATION CENTER AT BAY #4,22899,7:45:00,85,15.56014888,2,FIFTH AVE + WOOD ST,20856,1/1/2023 6:44,1/1/2023 7:45,0 days 01:01:00,61.0,1.016666667
201,7145010,2985,183407501,61C,OUTBOUND-MCKEESPORT HOMESTEAD VIA OAKLAND-SQ HILL-MURRAY AV,7:45:00,2,FIFTH AVE + WOOD ST,20856,8:39:00,81,14.39115414,2,MCKSPT TRANSPORTATION CTR + BAY #2,17791,1/1/2023 7:45,1/1/2023 8:39,0 days 00:54:00,54.0,0.9
202,12058010,2986,183407501,61C,INBOUND-PITTSBURGH VIA OAKLAND,9:09:00,2,MCKEESPORT TRANSPORTATION CENTER AT BAY #4,22899,10:25:00,85,15.56014888,2,FIFTH AVE + WOOD ST,20856,1/1/2023 9:09,1/1/2023 10:25,0 days 01:16:00,76.0,1.266666667
203,14130010,2987,183407501,61C,OUTBOUND-MCKEESPORT HOMESTEAD VIA OAKLAND-SQ HILL-MURRAY AV,10:25:00,2,FIFTH AVE + WOOD ST,20856,11:25:00,81,14.39115414,2,MCKSPT TRANSPORTATION CTR + BAY #2,17791,1/1/2023 10:25,1/1/2023 11:25,0 days 01:00:00,60.0,1.0
204,10463010,2988,183407601,61C,INBOUND-PITTSBURGH VIA OAKLAND,6:04:00,2,MCKEESPORT TRANSPORTATION CENTER AT BAY #4,22899,7:05:00,85,15.56014888,2,FIFTH AVE + WOOD ST,20856,1/1/2023 6:04,1/1/2023 7:05,0 days 01:01:00,61.0,1.016666667
205,3145010,2989,183407601,61C,OUTBOUND-MCKEESPORT HOMESTEAD VIA OAKLAND-SQ HILL-MURRAY AV,7:05:00,2,FIFTH AVE + WOOD ST,20856,7:53:00,81,14.39115414,2,MCKSPT TRANSPORTATION CTR + BAY #2,17791,1/1/2023 7:05,1/1/2023 7:53,0 days 00:48:00,48.0,0.8
206,11553010,2990,183407601,61C,INBOUND-PITTSBURGH VIA OAKLAND,8:29:00,2,MCKEESPORT TRANSPORTATION CENTER AT BAY #4,22899,9:45:00,85,15.56014888,2,FIFTH AVE + WOOD ST,20856,1/1/2023 8:29,1/1/2023 9:45,0 days 01:16:00,76.0,1.266666667
207,4430010,2991,183407601,61C,OUTBOUND-MCKEESPORT HOMESTEAD VIA OAKLAND-SQ HILL-MURRAY AV,9:45:00,2,FIFTH AVE + WOOD ST,20856,10:39:00,81,14.39115414,2,MCKSPT TRANSPORTATION CTR + BAY #2,17791,1/1/2023 9:45,1/1/2023 10:39,0 days 00:54:00,54.0,0.9
312,7367010,3397,183423201,61C,INBOUND-PITTSBURGH VIA OAKLAND,10:28:00,2,MCKEESPORT TRANSPORTATION CENTER AT BAY #4,22899,11:45:00,85,15.56014888,2,FIFTH AVE + WOOD ST,20856,1/1/2023 10:28,1/1/2023 11:45,0 days 01:17:00,77.0,1.283333333
313,2820010,3398,183423201,61C,OUTBOUND-MCKEESPORT HOMESTEAD VIA OAKLAND-SQ HILL-MURRAY AV,11:45:00,2,FIFTH AVE + WOOD ST,20856,12:45:00,81,14.39115414,2,MCKSPT TRANSPORTATION CTR + BAY #2,17791,1/1/2023 11:45,1/1/2023 12:45,0 days 01:00:00,60.0,1.0
314,2812010,3399,183423201,61C,INBOUND-PITTSBURGH VIA OAKLAND,12:58:00,2,MCKEESPORT TRANSPORTATION CENTER AT BAY #4,22899,14:15:00,85,15.56014888,2,FIFTH AVE + WOOD ST,20856,1/1/2023 12:58,1/1/2023 14:15,0 days 01:17:00,77.0,1.283333333
315,9139010,3400,183423201,61C,OUTBOUND-MCKEESPORT HOMESTEAD VIA OAKLAND-SQ HILL-MURRAY AV,14:15:00,2,FIFTH AVE + WOOD ST,20856,15:15:00,81,14.39115414,2,MCKSPT TRANSPORTATION CTR + BAY #2,17791,1/1/2023 14:15,1/1/2023 15:15,0 days 01:00:00,60.0,1.0
318,12948010,3407,183423501,61C,INBOUND-PITTSBURGH VIA OAKLAND,14:31:00,2,MCKEESPORT TRANSPORTATION CENTER AT BAY #4,22899,15:45:00,85,15.56014888,2,FIFTH AVE + WOOD ST,20856,1/1/2023 14:31,1/1/2023 15:45,0 days 01:14:00,74.0,1.233333333
319,11717010,3408,183423501,61C,OUTBOUND-MCKEESPORT HOMESTEAD VIA OAKLAND-SQ HILL-MURRAY AV,15:45:00,2,FIFTH AVE + WOOD ST,20856,16:45:00,81,14.39115414,2,MCKSPT TRANSPORTATION CTR + BAY #2,17791,1/1/2023 15:45,1/1/2023 16:45,0 days 01:00:00,60.0,1.0
320,675010,3409,183423501,61C,INBOUND-PITTSBURGH VIA OAKLAND,17:01:00,2,MCKEESPORT TRANSPORTATION CENTER AT BAY #4,22899,18:15:00,85,15.56014888,2,FIFTH AVE + WOOD ST,20856,1/1/2023 17:01,1/1/2023 18:15,0 days 01:14:00,74.0,1.233333333
321,1095010,3410,183423501,61C,OUTBOUND-MCKEESPORT HOMESTEAD VIA OAKLAND-SQ HILL-MURRAY AV,18:15:00,2,FIFTH AVE + WOOD ST,20856,19:10:00,81,14.39115414,2,MCKSPT TRANSPORTATION CTR + BAY #2,17791,1/1/2023 18:15,1/1/2023 19:10,0 days 00:55:00,55.0,0.916666667
324,11383010,3413,183423701,61C,INBOUND-PITTSBURGH VIA OAKLAND,10:58:00,2,MCKEESPORT TRANSPORTATION CENTER AT BAY #4,22899,12:15:00,85,15.56014888,2,FIFTH AVE + WOOD ST,20856,1/1/2023 10:58,1/1/2023 12:15,0 days 01:17:00,77.0,1.283333333
325,5867010,3414,183423701,61C,OUTBOUND-MCKEESPORT HOMESTEAD VIA OAKLAND-SQ HILL-MURRAY AV,12:15:00,2,FIFTH AVE + WOOD ST,20856,13:15:00,81,14.39115414,2,MCKSPT TRANSPORTATION CTR + BAY #2,17791,1/1/2023 12:15,1/1/2023 13:15,0 days 01:00:00,60.0,1.0
326,1654010,3415,183423701,61C,INBOUND-PITTSBURGH VIA OAKLAND,13:28:00,2,MCKEESPORT TRANSPORTATION CENTER AT BAY #4,22899,14:45:00,85,15.56014888,2,FIFTH AVE + WOOD ST,20856,1/1/2023 13:28,1/1/2023 14:45,0 days 01:17:00,77.0,1.283333333
327,8452010,3416,183423701,61C,OUTBOUND-MCKEESPORT HOMESTEAD VIA OAKLAND-SQ HILL-MURRAY AV,14:45:00,2,FIFTH AVE + WOOD ST,20856,15:45:00,81,14.39115414,2,MCKSPT TRANSPORTATION CTR + BAY #2,17791,1/1/2023 14:45,1/1/2023 15:45,0 days 01:00:00,60.0,1.0
328,12280010,3417,183423801,61C,INBOUND-PITTSBURGH VIA OAKLAND,16:01:00,2,MCKEESPORT TRANSPORTATION CENTER AT BAY #4,22899,17:15:00,85,15.56014888,2,FIFTH AVE + WOOD ST,20856,1/1/2023 16:01,1/1/2023 17:15,0 days 01:14:00,74.0,1.233333333
329,10104010,3418,183423801,61C,OUTBOUND-MCKEESPORT HOMESTEAD VIA OAKLAND-SQ HILL-MURRAY AV,17:15:00,2,FIFTH AVE + WOOD ST,20856,18:15:00,81,14.39115414,2,MCKSPT TRANSPORTATION CTR + BAY #2,17791,1/1/2023 17:15,1/1/2023 18:15,0 days 01:00:00,60.0,1.0
330,4297010,3419,183423801,61C,INBOUND-PITTSBURGH VIA OAKLAND,18:39:00,2,MCKEESPORT TRANSPORTATION CENTER AT BAY #4,22899,19:45:00,85,15.56014888,2,FIFTH AVE + WOOD ST,20856,1/1/2023 18:39,1/1/2023 19:45,0 days 01:06:00,66.0,1.1
331,1851010,3420,183423801,61C,OUTBOUND-MCKEESPORT HOMESTEAD VIA OAKLAND-SQ HILL-MURRAY AV,19:45:00,2,FIFTH AVE + WOOD ST,20856,20:40:00,81,14.39115414,2,MCKSPT TRANSPORTATION CTR + BAY #2,17791,1/1/2023 19:45,1/1/2023 20:40,0 days 00:55:00,55.0,0.916666667
334,2075010,3433,183424201,61C,INBOUND-PITTSBURGH VIA OAKLAND,13:58:00,2,MCKEESPORT TRANSPORTATION CENTER AT BAY #4,22899,15:15:00,85,15.56014888,2,FIFTH AVE + WOOD ST,20856,1/1/2023 13:58,1/1/2023 15:15,0 days 01:17:00,77.0,1.283333333
335,1903010,3434,183424201,61C,OUTBOUND-MCKEESPORT HOMESTEAD VIA OAKLAND-SQ HILL-MURRAY AV,15:15:00,2,FIFTH AVE + WOOD ST,20856,16:15:00,81,14.39115414,2,MCKSPT TRANSPORTATION CTR + BAY #2,17791,1/1/2023 15:15,1/1/2023 16:15,0 days 01:00:00,60.0,1.0
336,10642010,3435,183424201,61C,INBOUND-PITTSBURGH VIA OAKLAND,16:31:00,2,MCKEESPORT TRANSPORTATION CENTER AT BAY #4,22899,17:45:00,85,15.56014888,2,FIFTH AVE + WOOD ST,20856,1/1/2023 16:31,1/1/2023 17:45,0 days 01:14:00,74.0,1.233333333
337,11547010,3436,183424201,61C,OUTBOUND-MCKEESPORT HOMESTEAD VIA OAKLAND-SQ HILL-MURRAY AV,17:45:00,2,FIFTH AVE + WOOD ST,20856,18:45:00,81,14.39115414,2,MCKSPT TRANSPORTATION CTR + BAY #2,17791,1/1/2023 17:45,1/1/2023 18:45,0 days 01:00:00,60.0,1.0
338,995010,3437,183424301,61C,INBOUND-PITTSBURGH VIA OAKLAND,19:19:00,2,MCKEESPORT TRANSPORTATION CENTER AT BAY #4,22899,20:25:00,85,15.56014888,2,FIFTH AVE + WOOD ST,20856,1/1/2023 19:19,1/1/2023 20:25,0 days 01:06:00,66.0,1.1
339,2271010,3438,183424301,61C,OUTBOUND-MCKEESPORT HOMESTEAD VIA OAKLAND-SQ HILL-MURRAY AV,20:25:00,2,FIFTH AVE + WOOD ST,20856,21:20:00,81,14.39115414,2,MCKSPT TRANSPORTATION CTR + BAY #2,17791,1/1/2023 20:25,1/1/2023 21:20,0 days 00:55:00,55.0,0.916666667
340,435010,3439,183424301,61C,INBOUND-PITTSBURGH VIA OAKLAND,21:32:00,2,MCKEESPORT TRANSPORTATION CENTER AT BAY #4,22899,22:25:00,85,15.56014888,2,FIFTH AVE + WOOD ST,20856,1/1/2023 21:32,1/1/2023 22:25,0 days 00:53:00,53.0,0.883333333
341,8563010,3440,183424301,61C,OUTBOUND-MCKEESPORT HOMESTEAD VIA OAKLAND-SQ HILL-MURRAY AV,22:25:00,2,FIFTH AVE + WOOD ST,20856,23:20:00,81,14.39115414,2,MCKSPT TRANSPORTATION CTR + BAY #2,17791,1/1/2023 22:25,1/1/2023 23:20,0 days 00:55:00,55.0,0.916666667
342,2787010,3441,183424401,61C,INBOUND-PITTSBURGH VIA OAKLAND,17:31:00,2,MCKEESPORT TRANSPORTATION CENTER AT BAY #4,22899,18:45:00,85,15.56014888,2,FIFTH AVE + WOOD ST,20856,1/1/2023 17:31,1/1/2023 18:45,0 days 01:14:00,74.0,1.233333333
343,8703010,3442,183424401,61C,OUTBOUND-MCKEESPORT HOMESTEAD VIA OAKLAND-SQ HILL-MURRAY AV,18:45:00,2,FIFTH AVE + WOOD ST,20856,19:40:00,81,14.39115414,2,MCKSPT TRANSPORTATION CTR + BAY #2,17791,1/1/2023 18:45,1/1/2023 19:40,0 days 00:55:00,55.0,0.916666667
344,3759010,3443,183424401,61C,INBOUND-PITTSBURGH VIA OAKLAND,19:59:00,2,MCKEESPORT TRANSPORTATION CENTER AT BAY #4,22899,21:05:00,85,15.56014888,2,FIFTH AVE + WOOD ST,20856,1/1/2023 19:59,1/1/2023 21:05,0 days 01:06:00,66.0,1.1
345,666010,3444,183424401,61C,OUTBOUND-MCKEESPORT HOMESTEAD VIA OAKLAND-SQ HILL-MURRAY AV,21:05:00,2,FIFTH AVE + WOOD ST,20856,22:00:00,81,14.39115414,2,MCKSPT TRANSPORTATION CTR + BAY #2,17791,1/1/2023 21:05,1/1/2023 22:00,0 days 00:55:00,55.0,0.916666667
348,13656010,3447,183424601,61C,INBOUND-PITTSBURGH VIA OAKLAND,18:09:00,2,MCKEESPORT TRANSPORTATION CENTER AT BAY #4,22899,19:15:00,85,15.56014888,2,FIFTH AVE + WOOD ST,20856,1/1/2023 18:09,1/1/2023 19:15,0 days 01:06:00,66.0,1.1
349,12438010,3448,183424601,61C,OUTBOUND-MCKEESPORT HOMESTEAD VIA OAKLAND-SQ HILL-MURRAY AV,19:15:00,2,FIFTH AVE + WOOD ST,20856,20:10:00,81,14.39115414,2,MCKSPT TRANSPORTATION CTR + BAY #2,17791,1/1/2023 19:15,1/1/2023 20:10,0 days 00:55:00,55.0,0.916666667
350,9685010,3449,183424601,61C,INBOUND-PITTSBURGH VIA OAKLAND,20:39:00,2,MCKEESPORT TRANSPORTATION CENTER AT BAY #4,22899,21:45:00,85,15.56014888,2,FIFTH AVE + WOOD ST,20856,1/1/2023 20:39,1/1/2023 21:45,0 days 01:06:00,66.0,1.1
351,10945010,3450,183424601,61C,OUTBOUND-MCKEESPORT HOMESTEAD VIA OAKLAND-SQ HILL-MURRAY AV,21:45:00,2,FIFTH AVE + WOOD ST,20856,22:40:00,81,14.39115414,2,MCKSPT TRANSPORTATION CTR + BAY #2,17791,1/1/2023 21:45,1/1/2023 22:40,0 days 00:55:00,55.0,0.916666667
366,2433080,3679,183430408,61C,INBOUND-PITTSBURGH VIA OAKLAND,7:24:00,1,MCKEESPORT TRANSPORTATION CENTER AT BAY #4,22899,8:25:00,85,15.56014888,1,FIFTH AVE + WOOD ST,20856,1/1/2023 7:24,1/1/2023 8:25,0 days 01:01:00,61.0,1.016666667
367,3818080,3680,183430408,61C,OUTBOUND-MCKEESPORT HOMESTEAD VIA OAKLAND-SQ HILL-MURRAY AV,8:25:00,1,FIFTH AVE + WOOD ST,20856,9:19:00,81,14.39115414,1,MCKSPT TRANSPORTATION CTR + BAY #2,17791,1/1/2023 8:25,1/1/2023 9:19,0 days 00:54:00,54.0,0.9
368,6756080,3681,183430408,61C,INBOUND-PITTSBURGH VIA OAKLAND,9:48:00,1,MCKEESPORT TRANSPORTATION CENTER AT BAY #4,22899,11:05:00,85,15.56014888,1,FIFTH AVE + WOOD ST,20856,1/1/2023 9:48,1/1/2023 11:05,0 days 01:17:00,77.0,1.283333333
369,9331080,3682,183430408,61C,OUTBOUND-MCKEESPORT HOMESTEAD VIA OAKLAND-SQ HILL-MURRAY AV,11:05:00,1,FIFTH AVE + WOOD ST,20856,12:05:00,81,14.39115414,1,MCKSPT TRANSPORTATION CTR + BAY #2,17791,1/1/2023 11:05,1/1/2023 12:05,0 days 01:00:00,60.0,1.0
370,3833080,3687,183430708,61C,INBOUND-PITTSBURGH VIA OAKLAND,5:24:00,1,MCKEESPORT TRANSPORTATION CENTER AT BAY #4,22899,6:25:00,85,15.56014888,1,FIFTH AVE + WOOD ST,20856,1/1/2023 5:24,1/1/2023 6:25,0 days 01:01:00,61.0,1.016666667
371,8070080,3688,183430708,61C,OUTBOUND-MCKEESPORT HOMESTEAD VIA OAKLAND-SQ HILL-MURRAY AV,6:25:00,1,FIFTH AVE + WOOD ST,20856,7:13:00,81,14.39115414,1,MCKSPT TRANSPORTATION CTR + BAY #2,17791,1/1/2023 6:25,1/1/2023 7:13,0 days 00:48:00,48.0,0.8
372,13948080,3689,183430708,61C,INBOUND-PITTSBURGH VIA OAKLAND,7:49:00,1,MCKEESPORT TRANSPORTATION CENTER AT BAY #4,22899,9:05:00,85,15.56014888,1,FIFTH AVE + WOOD ST,20856,1/1/2023 7:49,1/1/2023 9:05,0 days 01:16:00,76.0,1.266666667
373,9422080,3690,183430708,61C,OUTBOUND-MCKEESPORT HOMESTEAD VIA OAKLAND-SQ HILL-MURRAY AV,9:05:00,1,FIFTH AVE + WOOD ST,20856,9:59:00,81,14.39115414,1,MCKSPT TRANSPORTATION CTR + BAY #2,17791,1/1/2023 9:05,1/1/2023 9:59,0 days 00:54:00,54.0,0.9
376,14040080,3697,183431008,61C,INBOUND-PITTSBURGH VIA OAKLAND,6:44:00,1,MCKEESPORT TRANSPORTATION CENTER AT BAY #4,22899,7:45:00,85,15.56014888,1,FIFTH AVE + WOOD ST,20856,1/1/2023 6:44,1/1/2023 7:45,0 days 01:01:00,61.0,1.016666667
377,5592080,3698,183431008,61C,OUTBOUND-MCKEESPORT HOMESTEAD VIA OAKLAND-SQ HILL-MURRAY AV,7:45:00,1,FIFTH AVE + WOOD ST,20856,8:39:00,81,14.39115414,1,MCKSPT TRANSPORTATION CTR + BAY #2,17791,1/1/2023 7:45,1/1/2023 8:39,0 days 00:54:00,54.0,0.9
378,9124080,3699,183431008,61C,INBOUND-PITTSBURGH VIA OAKLAND,9:09:00,1,MCKEESPORT TRANSPORTATION CENTER AT BAY #4,22899,10:25:00,85,15.56014888,1,FIFTH AVE + WOOD ST,20856,1/1/2023 9:09,1/1/2023 10:25,0 days 01:16:00,76.0,1.266666667
379,7716080,3700,183431008,61C,OUTBOUND-MCKEESPORT HOMESTEAD VIA OAKLAND-SQ HILL-MURRAY AV,10:25:00,1,FIFTH AVE + WOOD ST,20856,11:25:00,81,14.39115414,1,MCKSPT TRANSPORTATION CTR + BAY #2,17791,1/1/2023 10:25,1/1/2023 11:25,0 days 01:00:00,60.0,1.0
380,7869080,3701,183431108,61C,INBOUND-PITTSBURGH VIA OAKLAND,6:04:00,1,MCKEESPORT TRANSPORTATION CENTER AT BAY #4,22899,7:05:00,85,15.56014888,1,FIFTH AVE + WOOD ST,20856,1/1/2023 6:04,1/1/2023 7:05,0 days 01:01:00,61.0,1.016666667
381,7727080,3702,183431108,61C,OUTBOUND-MCKEESPORT HOMESTEAD VIA OAKLAND-SQ HILL-MURRAY AV,7:05:00,1,FIFTH AVE + WOOD ST,20856,7:53:00,81,14.39115414,1,MCKSPT TRANSPORTATION CTR + BAY #2,17791,1/1/2023 7:05,1/1/2023 7:53,0 days 00:48:00,48.0,0.8
382,11286080,3703,183431108,61C,INBOUND-PITTSBURGH VIA OAKLAND,8:29:00,1,MCKEESPORT TRANSPORTATION CENTER AT BAY #4,22899,9:45:00,85,15.56014888,1,FIFTH AVE + WOOD ST,20856,1/1/2023 8:29,1/1/2023 9:45,0 days 01:16:00,76.0,1.266666667
383,9130080,3704,183431108,61C,OUTBOUND-MCKEESPORT HOMESTEAD VIA OAKLAND-SQ HILL-MURRAY AV,9:45:00,1,FIFTH AVE + WOOD ST,20856,10:39:00,81,14.39115414,1,MCKSPT TRANSPORTATION CTR + BAY #2,17791,1/1/2023 9:45,1/1/2023 10:39,0 days 00:54:00,54.0,0.9
488,12680080,4110,183446708,61C,INBOUND-PITTSBURGH VIA OAKLAND,10:28:00,1,MCKEESPORT TRANSPORTATION CENTER AT BAY #4,22899,11:45:00,85,15.56014888,1,FIFTH AVE + WOOD ST,20856,1/1/2023 10:28,1/1/2023 11:45,0 days 01:17:00,77.0,1.283333333
489,4549080,4111,183446708,61C,OUTBOUND-MCKEESPORT HOMESTEAD VIA OAKLAND-SQ HILL-MURRAY AV,11:45:00,1,FIFTH AVE + WOOD ST,20856,12:45:00,81,14.39115414,1,MCKSPT TRANSPORTATION CTR + BAY #2,17791,1/1/2023 11:45,1/1/2023 12:45,0 days 01:00:00,60.0,1.0
490,4737080,4112,183446708,61C,INBOUND-PITTSBURGH VIA OAKLAND,12:58:00,1,MCKEESPORT TRANSPORTATION CENTER AT BAY #4,22899,14:15:00,85,15.56014888,1,FIFTH AVE + WOOD ST,20856,1/1/2023 12:58,1/1/2023 14:15,0 days 01:17:00,77.0,1.283333333
491,7538080,4113,183446708,61C,OUTBOUND-MCKEESPORT HOMESTEAD VIA OAKLAND-SQ HILL-MURRAY AV,14:15:00,1,FIFTH AVE + WOOD ST,20856,15:15:00,81,14.39115414,1,MCKSPT TRANSPORTATION CTR + BAY #2,17791,1/1/2023 14:15,1/1/2023 15:15,0 days 01:00:00,60.0,1.0
494,13909080,4120,183447008,61C,INBOUND-PITTSBURGH VIA OAKLAND,14:31:00,1,MCKEESPORT TRANSPORTATION CENTER AT BAY #4,22899,15:45:00,85,15.56014888,1,FIFTH AVE + WOOD ST,20856,1/1/2023 14:31,1/1/2023 15:45,0 days 01:14:00,74.0,1.233333333
495,3360080,4121,183447008,61C,OUTBOUND-MCKEESPORT HOMESTEAD VIA OAKLAND-SQ HILL-MURRAY AV,15:45:00,1,FIFTH AVE + WOOD ST,20856,16:45:00,81,14.39115414,1,MCKSPT TRANSPORTATION CTR + BAY #2,17791,1/1/2023 15:45,1/1/2023 16:45,0 days 01:00:00,60.0,1.0
496,1187080,4122,183447008,61C,INBOUND-PITTSBURGH VIA OAKLAND,17:01:00,1,MCKEESPORT TRANSPORTATION CENTER AT BAY #4,22899,18:15:00,85,15.56014888,1,FIFTH AVE + WOOD ST,20856,1/1/2023 17:01,1/1/2023 18:15,0 days 01:14:00,74.0,1.233333333
497,12923080,4123,183447008,61C,OUTBOUND-MCKEESPORT HOMESTEAD VIA OAKLAND-SQ HILL-MURRAY AV,18:15:00,1,FIFTH AVE + WOOD ST,20856,19:10:00,81,14.39115414,1,MCKSPT TRANSPORTATION CTR + BAY #2,17791,1/1/2023 18:15,1/1/2023 19:10,0 days 00:55:00,55.0,0.916666667
500,6907080,4126,183447208,61C,INBOUND-PITTSBURGH VIA OAKLAND,10:58:00,1,MCKEESPORT TRANSPORTATION CENTER AT BAY #4,22899,12:15:00,85,15.56014888,1,FIFTH AVE + WOOD ST,20856,1/1/2023 10:58,1/1/2023 12:15,0 days 01:17:00,77.0,1.283333333
501,3046080,4127,183447208,61C,OUTBOUND-MCKEESPORT HOMESTEAD VIA OAKLAND-SQ HILL-MURRAY AV,12:15:00,1,FIFTH AVE + WOOD ST,20856,13:15:00,81,14.39115414,1,MCKSPT TRANSPORTATION CTR + BAY #2,17791,1/1/2023 12:15,1/1/2023 13:15,0 days 01:00:00,60.0,1.0
502,3260080,4128,183447208,61C,INBOUND-PITTSBURGH VIA OAKLAND,13:28:00,1,MCKEESPORT TRANSPORTATION CENTER AT BAY #4,22899,14:45:00,85,15.56014888,1,FIFTH AVE + WOOD ST,20856,1/1/2023 13:28,1/1/2023 14:45,0 days 01:17:00,77.0,1.283333333
503,366080,4129,183447208,61C,OUTBOUND-MCKEESPORT HOMESTEAD VIA OAKLAND-SQ HILL-MURRAY AV,14:45:00,1,FIFTH AVE + WOOD ST,20856,15:45:00,81,14.39115414,1,MCKSPT TRANSPORTATION CTR + BAY #2,17791,1/1/2023 14:45,1/1/2023 15:45,0 days 01:00:00,60.0,1.0
504,7973080,4130,183447308,61C,INBOUND-PITTSBURGH VIA OAKLAND,16:01:00,1,MCKEESPORT TRANSPORTATION CENTER AT BAY #4,22899,17:15:00,85,15.56014888,1,FIFTH AVE + WOOD ST,20856,1/1/2023 16:01,1/1/2023 17:15,0 days 01:14:00,74.0,1.233333333
505,2386080,4131,183447308,61C,OUTBOUND-MCKEESPORT HOMESTEAD VIA OAKLAND-SQ HILL-MURRAY AV,17:15:00,1,FIFTH AVE + WOOD ST,20856,18:15:00,81,14.39115414,1,MCKSPT TRANSPORTATION CTR + BAY #2,17791,1/1/2023 17:15,1/1/2023 18:15,0 days 01:00:00,60.0,1.0
506,4697080,4132,183447308,61C,INBOUND-PITTSBURGH VIA OAKLAND,18:39:00,1,MCKEESPORT TRANSPORTATION CENTER AT BAY #4,22899,19:45:00,85,15.56014888,1,FIFTH AVE + WOOD ST,20856,1/1/2023 18:39,1/1/2023 19:45,0 days 01:06:00,66.0,1.1
507,198080,4133,183447308,61C,OUTBOUND-MCKEESPORT HOMESTEAD VIA OAKLAND-SQ HILL-MURRAY AV,19:45:00,1,FIFTH AVE + WOOD ST,20856,20:40:00,81,14.39115414,1,MCKSPT TRANSPORTATION CTR + BAY #2,17791,1/1/2023 19:45,1/1/2023 20:40,0 days 00:55:00,55.0,0.916666667
510,7178080,4146,183447708,61C,INBOUND-PITTSBURGH VIA OAKLAND,13:58:00,1,MCKEESPORT TRANSPORTATION CENTER AT BAY #4,22899,15:15:00,85,15.56014888,1,FIFTH AVE + WOOD ST,20856,1/1/2023 13:58,1/1/2023 15:15,0 days 01:17:00,77.0,1.283333333
511,11390080,4147,183447708,61C,OUTBOUND-MCKEESPORT HOMESTEAD VIA OAKLAND-SQ HILL-MURRAY AV,15:15:00,1,FIFTH AVE + WOOD ST,20856,16:15:00,81,14.39115414,1,MCKSPT TRANSPORTATION CTR + BAY #2,17791,1/1/2023 15:15,1/1/2023 16:15,0 days 01:00:00,60.0,1.0
512,8477080,4148,183447708,61C,INBOUND-PITTSBURGH VIA OAKLAND,16:31:00,1,MCKEESPORT TRANSPORTATION CENTER AT BAY #4,22899,17:45:00,85,15.56014888,1,FIFTH AVE + WOOD ST,20856,1/1/2023 16:31,1/1/2023 17:45,0 days 01:14:00,74.0,1.233333333
513,1935080,4149,183447708,61C,OUTBOUND-MCKEESPORT HOMESTEAD VIA OAKLAND-SQ HILL-MURRAY AV,17:45:00,1,FIFTH AVE + WOOD ST,20856,18:45:00,81,14.39115414,1,MCKSPT TRANSPORTATION CTR + BAY #2,17791,1/1/2023 17:45,1/1/2023 18:45,0 days 01:00:00,60.0,1.0
514,3718080,4150,183447808,61C,INBOUND-PITTSBURGH VIA OAKLAND,19:19:00,1,MCKEESPORT TRANSPORTATION CENTER AT BAY #4,22899,20:25:00,85,15.56014888,1,FIFTH AVE + WOOD ST,20856,1/1/2023 19:19,1/1/2023 20:25,0 days 01:06:00,66.0,1.1
515,6780080,4151,183447808,61C,OUTBOUND-MCKEESPORT HOMESTEAD VIA OAKLAND-SQ HILL-MURRAY AV,20:25:00,1,FIFTH AVE + WOOD ST,20856,21:20:00,81,14.39115414,1,MCKSPT TRANSPORTATION CTR + BAY #2,17791,1/1/2023 20:25,1/1/2023 21:20,0 days 00:55:00,55.0,0.916666667
516,1454080,4152,183447808,61C,INBOUND-PITTSBURGH VIA OAKLAND,21:32:00,1,MCKEESPORT TRANSPORTATION CENTER AT BAY #4,22899,22:25:00,85,15.56014888,1,FIFTH AVE + WOOD ST,20856,1/1/2023 21:32,1/1/2023 22:25,0 days 00:53:00,53.0,0.883333333
517,2455080,4153,183447808,61C,OUTBOUND-MCKEESPORT HOMESTEAD VIA OAKLAND-SQ HILL-MURRAY AV,22:25:00,1,FIFTH AVE + WOOD ST,20856,23:20:00,81,14.39115414,1,MCKSPT TRANSPORTATION CTR + BAY #2,17791,1/1/2023 22:25,1/1/2023 23:20,0 days 00:55:00,55.0,0.916666667
518,2331080,4154,183447908,61C,INBOUND-PITTSBURGH VIA OAKLAND,17:31:00,1,MCKEESPORT TRANSPORTATION CENTER AT BAY #4,22899,18:45:00,85,15.56014888,1,FIFTH AVE + WOOD ST,20856,1/1/2023 17:31,1/1/2023 18:45,0 days 01:14:00,74.0,1.233333333
519,13960080,4155,183447908,61C,OUTBOUND-MCKEESPORT HOMESTEAD VIA OAKLAND-SQ HILL-MURRAY AV,18:45:00,1,FIFTH AVE + WOOD ST,20856,19:40:00,81,14.39115414,1,MCKSPT TRANSPORTATION CTR + BAY #2,17791,1/1/2023 18:45,1/1/2023 19:40,0 days 00:55:00,55.0,0.916666667
520,8911080,4156,183447908,61C,INBOUND-PITTSBURGH VIA OAKLAND,19:59:00,1,MCKEESPORT TRANSPORTATION CENTER AT BAY #4,22899,21:05:00,85,15.56014888,1,FIFTH AVE + WOOD ST,20856,1/1/2023 19:59,1/1/2023 21:05,0 days 01:06:00,66.0,1.1
521,3911080,4157,183447908,61C,OUTBOUND-MCKEESPORT HOMESTEAD VIA OAKLAND-SQ HILL-MURRAY AV,21:05:00,1,FIFTH AVE + WOOD ST,20856,22:00:00,81,14.39115414,1,MCKSPT TRANSPORTATION CTR + BAY #2,17791,1/1/2023 21:05,1/1/2023 22:00,0 days 00:55:00,55.0,0.916666667
524,1370080,4160,183448108,61C,INBOUND-PITTSBURGH VIA OAKLAND,18:09:00,1,MCKEESPORT TRANSPORTATION CENTER AT BAY #4,22899,19:15:00,85,15.56014888,1,FIFTH AVE + WOOD ST,20856,1/1/2023 18:09,1/1/2023 19:15,0 days 01:06:00,66.0,1.1
525,3266080,4161,183448108,61C,OUTBOUND-MCKEESPORT HOMESTEAD VIA OAKLAND-SQ HILL-MURRAY AV,19:15:00,1,FIFTH AVE + WOOD ST,20856,20:10:00,81,14.39115414,1,MCKSPT TRANSPORTATION CTR + BAY #2,17791,1/1/2023 19:15,1/1/2023 20:10,0 days 00:55:00,55.0,0.916666667
526,4113080,4162,183448108,61C,INBOUND-PITTSBURGH VIA OAKLAND,20:39:00,1,MCKEESPORT TRANSPORTATION CENTER AT BAY #4,22899,21:45:00,85,15.56014888,1,FIFTH AVE + WOOD ST,20856,1/1/2023 20:39,1/1/2023 21:45,0 days 01:06:00,66.0,1.1
527,9259080,4163,183448108,61C,OUTBOUND-MCKEESPORT HOMESTEAD VIA OAKLAND-SQ HILL-MURRAY AV,21:45:00,1,FIFTH AVE + WOOD ST,20856,22:40:00,81,14.39115414,1,MCKSPT TRANSPORTATION CTR + BAY #2,17791,1/1/2023 21:45,1/1/2023 22:40,0 days 00:55:00,55.0,0.916666667
542,3629070,4308,183452207,61C,INBOUND-PITTSBURGH VIA OAKLAND,4:45:00,3,MCKEESPORT TRANSPORTATION CENTER AT BAY #4,22899,5:37:00,85,15.56014888,3,FIFTH AVE + WOOD ST,20856,1/1/2023 4:45,1/1/2023 5:37,0 days 00:52:00,52.0,0.866666667
543,3246070,4309,183452207,61C,OUTBOUND-MCKEESPORT HOMESTEAD VIA OAKLAND-SQ HILL-MURRAY AV,5:37:00,3,FIFTH AVE + WOOD ST,20856,6:28:00,81,14.39115414,3,MCKSPT TRANSPORTATION CTR + BAY #2,17791,1/1/2023 5:37,1/1/2023 6:28,0 days 00:51:00,51.0,0.85
544,10911070,4310,183452207,61C,INBOUND-PITTSBURGH VIA OAKLAND,7:05:00,3,MCKEESPORT TRANSPORTATION CENTER AT BAY #4,22899,8:07:00,85,15.56014888,3,FIFTH AVE + WOOD ST,20856,1/1/2023 7:05,1/1/2023 8:07,0 days 01:02:00,62.0,1.033333333
545,6303070,4311,183452207,61C,OUTBOUND-MCKEESPORT HOMESTEAD VIA OAKLAND-SQ HILL-MURRAY AV,8:07:00,3,FIFTH AVE + WOOD ST,20856,8:58:00,81,14.39115414,3,MCKSPT TRANSPORTATION CTR + BAY #2,17791,1/1/2023 8:07,1/1/2023 8:58,0 days 00:51:00,51.0,0.85
648,5120070,4820,183470107,61C,INBOUND-PITTSBURGH VIA OAKLAND,15:31:00,3,MCKEESPORT TRANSPORTATION CENTER AT BAY #4,22899,16:45:00,85,15.56014888,3,FIFTH AVE + WOOD ST,20856,1/1/2023 15:31,1/1/2023 16:45,0 days 01:14:00,74.0,1.233333333
649,9479070,4821,183470107,61C,OUTBOUND-MCKEESPORT HOMESTEAD VIA OAKLAND-SQ HILL-MURRAY AV,16:45:00,3,FIFTH AVE + WOOD ST,20856,17:47:00,81,14.39115414,3,MCKSPT TRANSPORTATION CTR + BAY #2,17791,1/1/2023 16:45,1/1/2023 17:47,0 days 01:02:00,62.0,1.033333333
650,5026070,4822,183470107,61C,INBOUND-PITTSBURGH VIA OAKLAND,18:02:00,3,MCKEESPORT TRANSPORTATION CENTER AT BAY #4,22899,19:07:00,85,15.56014888,3,FIFTH AVE + WOOD ST,20856,1/1/2023 18:02,1/1/2023 19:07,0 days 01:05:00,65.0,1.083333333
651,13096070,4823,183470107,61C,OUTBOUND-MCKEESPORT HOMESTEAD VIA OAKLAND-SQ HILL-MURRAY AV,19:07:00,3,FIFTH AVE + WOOD ST,20856,20:05:00,81,14.39115414,3,MCKSPT TRANSPORTATION CTR + BAY #2,17791,1/1/2023 19:07,1/1/2023 20:05,0 days 00:58:00,58.0,0.966666667
660,5264070,4838,183470907,61C,INBOUND-PITTSBURGH VIA OAKLAND,16:31:00,3,MCKEESPORT TRANSPORTATION CENTER AT BAY #4,22899,17:45:00,85,15.56014888,3,FIFTH AVE + WOOD ST,20856,1/1/2023 16:31,1/1/2023 17:45,0 days 01:14:00,74.0,1.233333333
661,10996070,4839,183470907,61C,OUTBOUND-MCKEESPORT HOMESTEAD VIA OAKLAND-SQ HILL-MURRAY AV,17:45:00,3,FIFTH AVE + WOOD ST,20856,18:47:00,81,14.39115414,3,MCKSPT TRANSPORTATION CTR + BAY #2,17791,1/1/2023 17:45,1/1/2023 18:47,0 days 01:02:00,62.0,1.033333333
662,13271070,4840,183470907,61C,INBOUND-PITTSBURGH VIA OAKLAND,19:02:00,3,MCKEESPORT TRANSPORTATION CENTER AT BAY #4,22899,20:07:00,85,15.56014888,3,FIFTH AVE + WOOD ST,20856,1/1/2023 19:02,1/1/2023 20:07,0 days 01:05:00,65.0,1.083333333
663,9876070,4841,183470907,61C,OUTBOUND-MCKEESPORT HOMESTEAD VIA OAKLAND-SQ HILL-MURRAY AV,20:07:00,3,FIFTH AVE + WOOD ST,20856,21:05:00,81,14.39115414,3,MCKSPT TRANSPORTATION CTR + BAY #2,17791,1/1/2023 20:07,1/1/2023 21:05,0 days 00:58:00,58.0,0.966666667
668,2917070,4848,183471407,61A,INBOUND-DOWNTOWN VIA OAKLAND,17:22:00,3,BRADDOCK HILLS S C + STOREFRONT,12565,18:30:00,98,14.3126002,3,FIFTH AVE + WOOD ST,20856,1/1/2023 17:22,1/1/2023 18:30,0 days 01:08:00,68.0,1.133333333
669,6836070,4849,183471407,61A,OUTBOUND-BRADDOCK HILLS SHOPPING CENTER,18:30:00,3,FIFTH AVE + WOOD ST,20856,19:44:00,90,13.94525706,3,BRADDOCK HILLS SC + GIANT EAGLE,7357,1/1/2023 18:30,1/1/2023 19:44,0 days 01:14:00,74.0,1.233333333
670,1612070,4850,183471407,61B,INBOUND-DOWNTOWN,20:02:00,3,BRADDOCK HILLS S C + STOREFRONT,12565,21:00:00,74,12.54858513,3,FIFTH AVE + WOOD ST,20856,1/1/2023 20:02,1/1/2023 21:00,0 days 00:58:00,58.0,0.966666667
671,13092070,4851,183471407,61B,OUTBOUND-BRADDOCK-SWISSVALE,21:00:00,3,FIFTH AVE + WOOD ST,20856,21:55:00,70,12.04171897,3,BRADDOCK HILLS SC + GIANT EAGLE,7357,1/1/2023 21:00,1/1/2023 21:55,0 days 00:55:00,55.0,0.916666667
692,6250070,4888,183472907,61A,INBOUND-DOWNTOWN VIA OAKLAND,15:22:00,3,BRADDOCK HILLS S C + STOREFRONT,12565,16:30:00,98,14.3126002,3,FIFTH AVE + WOOD ST,20856,1/1/2023 15:22,1/1/2023 16:30,0 days 01:08:00,68.0,1.133333333
693,12432070,4889,183472907,61A,OUTBOUND-BRADDOCK HILLS SHOPPING CENTER,16:30:00,3,FIFTH AVE + WOOD ST,20856,17:44:00,90,13.94525706,3,BRADDOCK HILLS SC + GIANT EAGLE,7357,1/1/2023 16:30,1/1/2023 17:44,0 days 01:14:00,74.0,1.233333333
694,7296070,4890,183472907,61B,INBOUND-DOWNTOWN,18:02:00,3,BRADDOCK HILLS S C + STOREFRONT,12565,19:00:00,74,12.54858513,3,FIFTH AVE + WOOD ST,20856,1/1/2023 18:02,1/1/2023 19:00,0 days 00:58:00,58.0,0.966666667
695,4805070,4891,183472907,61B,OUTBOUND-BRADDOCK-SWISSVALE,19:00:00,3,FIFTH AVE + WOOD ST,20856,19:55:00,70,12.04171897,3,BRADDOCK HILLS SC + GIANT EAGLE,7357,1/1/2023 19:00,1/1/2023 19:55,0 days 00:55:00,55.0,0.916666667
704,10047070,4900,183473207,61A,INBOUND-DOWNTOWN VIA OAKLAND,16:22:00,3,BRADDOCK HILLS S C + STOREFRONT,12565,17:30:00,98,14.3126002,3,FIFTH AVE + WOOD ST,20856,1/1/2023 16:22,1/1/2023 17:30,0 days 01:08:00,68.0,1.133333333
705,5998070,4901,183473207,61A,OUTBOUND-BRADDOCK HILLS SHOPPING CENTER,17:30:00,3,FIFTH AVE + WOOD ST,20856,18:44:00,90,13.94525706,3,BRADDOCK HILLS SC + GIANT EAGLE,7357,1/1/2023 17:30,1/1/2023 18:44,0 days 01:14:00,74.0,1.233333333
706,1517070,4902,183473207,61B,INBOUND-DOWNTOWN,19:02:00,3,BRADDOCK HILLS S C + STOREFRONT,12565,20:00:00,74,12.54858513,3,FIFTH AVE + WOOD ST,20856,1/1/2023 19:02,1/1/2023 20:00,0 days 00:58:00,58.0,0.966666667
707,8034070,4903,183473207,61B,OUTBOUND-BRADDOCK-SWISSVALE,20:00:00,3,FIFTH AVE + WOOD ST,20856,20:55:00,70,12.04171897,3,BRADDOCK HILLS SC + GIANT EAGLE,7357,1/1/2023 20:00,1/1/2023 20:55,0 days 00:55:00,55.0,0.916666667
712,10457070,4912,183473507,61A,INBOUND-DOWNTOWN VIA OAKLAND,18:48:00,3,BRADDOCK HILLS S C + STOREFRONT,12565,19:45:00,98,14.3126002,3,FIFTH AVE + WOOD ST,20856,1/1/2023 18:48,1/1/2023 19:45,0 days 00:57:00,57.0,0.95
713,8849070,4913,183473507,61A,OUTBOUND-BRADDOCK HILLS SHOPPING CENTER,19:45:00,3,FIFTH AVE + WOOD ST,20856,20:52:00,90,13.94525706,3,BRADDOCK HILLS SC + GIANT EAGLE,7357,1/1/2023 19:45,1/1/2023 20:52,0 days 01:07:00,67.0,1.116666667
714,6891070,4914,183473507,61A,INBOUND-DOWNTOWN VIA OAKLAND,21:13:00,3,BRADDOCK HILLS S C + STOREFRONT,12565,22:15:00,98,14.3126002,3,FIFTH AVE + WOOD ST,20856,1/1/2023 21:13,1/1/2023 22:15,0 days 01:02:00,62.0,1.033333333
715,5178070,4915,183473507,61A,OUTBOUND-NORTH BRADDOCK,22:15:00,3,FIFTH AVE + WOOD ST,20856,23:05:00,84,12.47692843,3,BRADDOCK AVE + 6TH ST,20938,1/1/2023 22:15,1/1/2023 23:05,0 days 00:50:00,50.0,0.833333333
716,3165070,4922,183473707,61A,INBOUND-DOWNTOWN VIA OAKLAND,18:18:00,3,BRADDOCK HILLS S C + STOREFRONT,12565,19:15:00,98,14.3126002,3,FIFTH AVE + WOOD ST,20856,1/1/2023 18:18,1/1/2023 19:15,0 days 00:57:00,57.0,0.95
717,3175070,4923,183473707,61A,OUTBOUND-BRADDOCK HILLS SHOPPING CENTER,19:15:00,3,FIFTH AVE + WOOD ST,20856,20:22:00,90,13.94525706,3,BRADDOCK HILLS SC + GIANT EAGLE,7357,1/1/2023 19:15,1/1/2023 20:22,0 days 01:07:00,67.0,1.116666667
718,6131070,4924,183473707,61A,INBOUND-DOWNTOWN VIA OAKLAND,20:48:00,3,BRADDOCK HILLS S C + STOREFRONT,12565,21:45:00,98,14.3126002,3,FIFTH AVE + WOOD ST,20856,1/1/2023 20:48,1/1/2023 21:45,0 days 00:57:00,57.0,0.95
719,11103070,4925,183473707,61A,OUTBOUND-NORTH BRADDOCK,21:45:00,3,FIFTH AVE + WOOD ST,20856,22:46:00,84,12.47692843,3,BRADDOCK AVE + 6TH ST,20938,1/1/2023 21:45,1/1/2023 22:46,0 days 01:01:00,61.0,1.016666667
722,6221070,4930,183474007,61A,INBOUND-DOWNTOWN VIA OAKLAND,19:18:00,3,BRADDOCK HILLS S C + STOREFRONT,12565,20:15:00,98,14.3126002,3,FIFTH AVE + WOOD ST,20856,1/1/2023 19:18,1/1/2023 20:15,0 days 00:57:00,57.0,0.95
723,9497070,4931,183474007,61A,OUTBOUND-BRADDOCK HILLS SHOPPING CENTER,20:15:00,3,FIFTH AVE + WOOD ST,20856,21:22:00,90,13.94525706,3,BRADDOCK HILLS SC + GIANT EAGLE,7357,1/1/2023 20:15,1/1/2023 21:22,0 days 01:07:00,67.0,1.116666667
724,10653070,4932,183474007,61A,INBOUND-DOWNTOWN VIA OAKLAND,21:43:00,3,BRADDOCK HILLS S C + STOREFRONT,12565,22:45:00,98,14.3126002,3,FIFTH AVE + WOOD ST,20856,1/1/2023 21:43,1/1/2023 22:45,0 days 01:02:00,62.0,1.033333333
725,11240070,4933,183474007,61A,OUTBOUND-NORTH BRADDOCK,22:45:00,3,FIFTH AVE + WOOD ST,20856,23:35:00,84,12.47692843,3,BRADDOCK AVE + 6TH ST,20938,1/1/2023 22:45,1/1/2023 23:35,0 days 00:50:00,50.0,0.833333333
750,11855070,4962,183475307,61C,INBOUND-PITTSBURGH VIA OAKLAND,9:20:00,3,MCKEESPORT TRANSPORTATION CENTER AT BAY #4,22899,10:37:00,85,15.56014888,3,FIFTH AVE + WOOD ST,20856,1/1/2023 9:20,1/1/2023 10:37,0 days 01:17:00,77.0,1.283333333
751,8326070,4963,183475307,61C,OUTBOUND-MCKEESPORT HOMESTEAD VIA OAKLAND-SQ HILL-MURRAY AV,10:37:00,3,FIFTH AVE + WOOD ST,20856,11:36:00,81,14.39115414,3,MCKSPT TRANSPORTATION CTR + BAY #2,17791,1/1/2023 10:37,1/1/2023 11:36,0 days 00:59:00,59.0,0.983333333
752,11153070,4964,183475307,61C,INBOUND-PITTSBURGH VIA OAKLAND,11:48:00,3,MCKEESPORT TRANSPORTATION CENTER AT BAY #4,22899,13:05:00,85,15.56014888,3,FIFTH AVE + WOOD ST,20856,1/1/2023 11:48,1/1/2023 13:05,0 days 01:17:00,77.0,1.283333333
753,113070,4965,183475307,61C,OUTBOUND-MCKEESPORT HOMESTEAD VIA OAKLAND-SQ HILL-MURRAY AV,13:05:00,3,FIFTH AVE + WOOD ST,20856,14:07:00,81,14.39115414,3,MCKSPT TRANSPORTATION CTR + BAY #2,17791,1/1/2023 13:05,1/1/2023 14:07,0 days 01:02:00,62.0,1.033333333
754,5307070,4966,183475407,61C,INBOUND-PITTSBURGH VIA OAKLAND,8:20:00,3,MCKEESPORT TRANSPORTATION CENTER AT BAY #4,22899,9:37:00,85,15.56014888,3,FIFTH AVE + WOOD ST,20856,1/1/2023 8:20,1/1/2023 9:37,0 days 01:17:00,77.0,1.283333333
755,6115070,4967,183475407,61C,OUTBOUND-MCKEESPORT HOMESTEAD VIA OAKLAND-SQ HILL-MURRAY AV,9:37:00,3,FIFTH AVE + WOOD ST,20856,10:36:00,81,14.39115414,3,MCKSPT TRANSPORTATION CTR + BAY #2,17791,1/1/2023 9:37,1/1/2023 10:36,0 days 00:59:00,59.0,0.983333333
756,11489070,4968,183475407,61C,INBOUND-PITTSBURGH VIA OAKLAND,10:48:00,3,MCKEESPORT TRANSPORTATION CENTER AT BAY #4,22899,12:05:00,85,15.56014888,3,FIFTH AVE + WOOD ST,20856,1/1/2023 10:48,1/1/2023 12:05,0 days 01:17:00,77.0,1.283333333
757,7223070,4969,183475407,61C,OUTBOUND-MCKEESPORT HOMESTEAD VIA OAKLAND-SQ HILL-MURRAY AV,12:05:00,3,FIFTH AVE + WOOD ST,20856,13:07:00,81,14.39115414,3,MCKSPT TRANSPORTATION CTR + BAY #2,17791,1/1/2023 12:05,1/1/2023 13:07,0 days 01:02:00,62.0,1.033333333
758,13296070,4970,183475507,61C,INBOUND-PITTSBURGH VIA OAKLAND,7:35:00,3,MCKEESPORT TRANSPORTATION CENTER AT BAY #4,22899,8:37:00,85,15.56014888,3,FIFTH AVE + WOOD ST,20856,1/1/2023 7:35,1/1/2023 8:37,0 days 01:02:00,62.0,1.033333333
759,6957070,4971,183475507,61C,OUTBOUND-MCKEESPORT HOMESTEAD VIA OAKLAND-SQ HILL-MURRAY AV,8:37:00,3,FIFTH AVE + WOOD ST,20856,9:28:00,81,14.39115414,3,MCKSPT TRANSPORTATION CTR + BAY #2,17791,1/1/2023 8:37,1/1/2023 9:28,0 days 00:51:00,51.0,0.85
760,3205070,4972,183475507,61C,INBOUND-PITTSBURGH VIA OAKLAND,9:50:00,3,MCKEESPORT TRANSPORTATION CENTER AT BAY #4,22899,11:07:00,85,15.56014888,3,FIFTH AVE + WOOD ST,20856,1/1/2023 9:50,1/1/2023 11:07,0 days 01:17:00,77.0,1.283333333
761,11050070,4973,183475507,61C,OUTBOUND-MCKEESPORT HOMESTEAD VIA OAKLAND-SQ HILL-MURRAY AV,11:07:00,3,FIFTH AVE + WOOD ST,20856,12:09:00,81,14.39115414,3,MCKSPT TRANSPORTATION CTR + BAY #2,17791,1/1/2023 11:07,1/1/2023 12:09,0 days 01:02:00,62.0,1.033333333
762,87070,4974,183475607,61C,INBOUND-PITTSBURGH VIA OAKLAND,14:31:00,3,MCKEESPORT TRANSPORTATION CENTER AT BAY #4,22899,15:45:00,85,15.56014888,3,FIFTH AVE + WOOD ST,20856,1/1/2023 14:31,1/1/2023 15:45,0 days 01:14:00,74.0,1.233333333
763,9955070,4975,183475607,61C,OUTBOUND-MCKEESPORT HOMESTEAD VIA OAKLAND-SQ HILL-MURRAY AV,15:45:00,3,FIFTH AVE + WOOD ST,20856,16:47:00,81,14.39115414,3,MCKSPT TRANSPORTATION CTR + BAY #2,17791,1/1/2023 15:45,1/1/2023 16:47,0 days 01:02:00,62.0,1.033333333
764,7307070,4976,183475607,61C,INBOUND-PITTSBURGH VIA OAKLAND,17:12:00,3,MCKEESPORT TRANSPORTATION CENTER AT BAY #4,22899,18:25:00,85,15.56014888,3,FIFTH AVE + WOOD ST,20856,1/1/2023 17:12,1/1/2023 18:25,0 days 01:13:00,73.0,1.216666667
765,4248070,4977,183475607,61C,OUTBOUND-MCKEESPORT HOMESTEAD VIA OAKLAND-SQ HILL-MURRAY AV,18:25:00,3,FIFTH AVE + WOOD ST,20856,19:23:00,81,14.39115414,3,MCKSPT TRANSPORTATION CTR + BAY #2,17791,1/1/2023 18:25,1/1/2023 19:23,0 days 00:58:00,58.0,0.966666667
766,12988070,4978,183475707,61C,INBOUND-PITTSBURGH VIA OAKLAND,6:35:00,3,MCKEESPORT TRANSPORTATION CENTER AT BAY #4,22899,7:37:00,85,15.56014888,3,FIFTH AVE + WOOD ST,20856,1/1/2023 6:35,1/1/2023 7:37,0 days 01:02:00,62.0,1.033333333
767,6353070,4979,183475707,61C,OUTBOUND-MCKEESPORT HOMESTEAD VIA OAKLAND-SQ HILL-MURRAY AV,7:37:00,3,FIFTH AVE + WOOD ST,20856,8:28:00,81,14.39115414,3,MCKSPT TRANSPORTATION CTR + BAY #2,17791,1/1/2023 7:37,1/1/2023 8:28,0 days 00:51:00,51.0,0.85
768,13906070,4980,183475707,61C,INBOUND-PITTSBURGH VIA OAKLAND,8:50:00,3,MCKEESPORT TRANSPORTATION CENTER AT BAY #4,22899,10:07:00,85,15.56014888,3,FIFTH AVE + WOOD ST,20856,1/1/2023 8:50,1/1/2023 10:07,0 days 01:17:00,77.0,1.283333333
769,5861070,4981,183475707,61C,OUTBOUND-MCKEESPORT HOMESTEAD VIA OAKLAND-SQ HILL-MURRAY AV,10:07:00,3,FIFTH AVE + WOOD ST,20856,11:06:00,81,14.39115414,3,MCKSPT TRANSPORTATION CTR + BAY #2,17791,1/1/2023 10:07,1/1/2023 11:06,0 days 00:59:00,59.0,0.983333333
778,4229070,4990,183476207,61C,INBOUND-PITTSBURGH VIA OAKLAND,7:50:00,3,MCKEESPORT TRANSPORTATION CENTER AT BAY #4,22899,9:07:00,85,15.56014888,3,FIFTH AVE + WOOD ST,20856,1/1/2023 7:50,1/1/2023 9:07,0 days 01:17:00,77.0,1.283333333
779,13761070,4991,183476207,61C,OUTBOUND-MCKEESPORT HOMESTEAD VIA OAKLAND-SQ HILL-MURRAY AV,9:07:00,3,FIFTH AVE + WOOD ST,20856,10:06:00,81,14.39115414,3,MCKSPT TRANSPORTATION CTR + BAY #2,17791,1/1/2023 9:07,1/1/2023 10:06,0 days 00:59:00,59.0,0.983333333
780,3251070,4992,183476207,61C,INBOUND-PITTSBURGH VIA OAKLAND,10:20:00,3,MCKEESPORT TRANSPORTATION CENTER AT BAY #4,22899,11:37:00,85,15.56014888,3,FIFTH AVE + WOOD ST,20856,1/1/2023 10:20,1/1/2023 11:37,0 days 01:17:00,77.0,1.283333333
781,13695070,4993,183476207,61C,OUTBOUND-MCKEESPORT HOMESTEAD VIA OAKLAND-SQ HILL-MURRAY AV,11:37:00,3,FIFTH AVE + WOOD ST,20856,12:39:00,81,14.39115414,3,MCKSPT TRANSPORTATION CTR + BAY #2,17791,1/1/2023 11:37,1/1/2023 12:39,0 days 01:02:00,62.0,1.033333333
786,2544070,5002,183476607,61C,INBOUND-PITTSBURGH VIA OAKLAND,16:52:00,3,MCKEESPORT TRANSPORTATION CENTER AT BAY #4,22899,18:05:00,85,15.56014888,3,FIFTH AVE + WOOD ST,20856,1/1/2023 16:52,1/1/2023 18:05,0 days 01:13:00,73.0,1.216666667
787,13820070,5003,183476607,61C,OUTBOUND-MCKEESPORT HOMESTEAD VIA OAKLAND-SQ HILL-MURRAY AV,18:05:00,3,FIFTH AVE + WOOD ST,20856,19:03:00,81,14.39115414,3,MCKSPT TRANSPORTATION CTR + BAY #2,17791,1/1/2023 18:05,1/1/2023 19:03,0 days 00:58:00,58.0,0.966666667
788,10531070,5004,183476607,61C,INBOUND-PITTSBURGH VIA OAKLAND,19:32:00,3,MCKEESPORT TRANSPORTATION CENTER AT BAY #4,22899,20:37:00,85,15.56014888,3,FIFTH AVE + WOOD ST,20856,1/1/2023 19:32,1/1/2023 20:37,0 days 01:05:00,65.0,1.083333333
789,7885070,5005,183476607,61C,OUTBOUND-MCKEESPORT HOMESTEAD VIA OAKLAND-SQ HILL-MURRAY AV,20:37:00,3,FIFTH AVE + WOOD ST,20856,21:33:00,81,14.39115414,3,MCKSPT TRANSPORTATION CTR + BAY #2,17791,1/1/2023 20:37,1/1/2023 21:33,0 days 00:56:00,56.0,0.933333333
790,5196070,5006,183476707,61C,INBOUND-PITTSBURGH VIA OAKLAND,20:32:00,3,MCKEESPORT TRANSPORTATION CENTER AT BAY #4,22899,21:37:00,85,15.56014888,3,FIFTH AVE + WOOD ST,20856,1/1/2023 20:32,1/1/2023 21:37,0 days 01:05:00,65.0,1.083333333
791,4330070,5007,183476707,61C,OUTBOUND-MCKEESPORT HOMESTEAD VIA OAKLAND-SQ HILL-MURRAY AV,21:37:00,3,FIFTH AVE + WOOD ST,20856,22:33:00,81,14.39115414,3,MCKSPT TRANSPORTATION CTR + BAY #2,17791,1/1/2023 21:37,1/1/2023 22:33,0 days 00:56:00,56.0,0.933333333
792,8320070,5008,183476707,61C,INBOUND-PITTSBURGH VIA OAKLAND,22:45:00,3,MCKEESPORT TRANSPORTATION CENTER AT BAY #4,22899,23:37:00,85,15.56014888,3,FIFTH AVE + WOOD ST,20856,1/1/2023 22:45,1/1/2023 23:37,0 days 00:52:00,52.0,0.866666667
793,13996070,5009,183476707,61C,OUTBOUND-MCKEESPORT HOMESTEAD VIA OAKLAND-SQ HILL-MURRAY AV,23:37:00,3,FIFTH AVE + WOOD ST,20856,24:28:00,81,14.39115414,3,MCKSPT TRANSPORTATION CTR + BAY #2,17791,1/1/2023 23:37,1/2/2023 0:28,0 days 00:51:00,51.0,0.85
794,11573070,5010,183476807,61C,INBOUND-PITTSBURGH VIA OAKLAND,14:51:00,3,MCKEESPORT TRANSPORTATION CENTER AT BAY #4,22899,16:05:00,85,15.56014888,3,FIFTH AVE + WOOD ST,20856,1/1/2023 14:51,1/1/2023 16:05,0 days 01:14:00,74.0,1.233333333
795,6945070,5011,183476807,61C,OUTBOUND-MCKEESPORT HOMESTEAD VIA OAKLAND-SQ HILL-MURRAY AV,16:05:00,3,FIFTH AVE + WOOD ST,20856,17:07:00,81,14.39115414,3,MCKSPT TRANSPORTATION CTR + BAY #2,17791,1/1/2023 16:05,1/1/2023 17:07,0 days 01:02:00,62.0,1.033333333
796,810070,5012,183476807,61C,INBOUND-PITTSBURGH VIA OAKLAND,17:32:00,3,MCKEESPORT TRANSPORTATION CENTER AT BAY #4,22899,18:45:00,85,15.56014888,3,FIFTH AVE + WOOD ST,20856,1/1/2023 17:32,1/1/2023 18:45,0 days 01:13:00,73.0,1.216666667
797,7895070,5013,183476807,61C,OUTBOUND-MCKEESPORT HOMESTEAD VIA OAKLAND-SQ HILL-MURRAY AV,18:45:00,3,FIFTH AVE + WOOD ST,20856,19:43:00,81,14.39115414,3,MCKSPT TRANSPORTATION CTR + BAY #2,17791,1/1/2023 18:45,1/1/2023 19:43,0 days 00:58:00,58.0,0.966666667
798,7609070,5014,183476907,61C,INBOUND-PITTSBURGH VIA OAKLAND,20:02:00,3,MCKEESPORT TRANSPORTATION CENTER AT BAY #4,22899,21:07:00,85,15.56014888,3,FIFTH AVE + WOOD ST,20856,1/1/2023 20:02,1/1/2023 21:07,0 days 01:05:00,65.0,1.083333333
799,2899070,5015,183476907,61C,OUTBOUND-MCKEESPORT HOMESTEAD VIA OAKLAND-SQ HILL-MURRAY AV,21:07:00,3,FIFTH AVE + WOOD ST,20856,22:03:00,81,14.39115414,3,MCKSPT TRANSPORTATION CTR + BAY #2,17791,1/1/2023 21:07,1/1/2023 22:03,0 days 00:56:00,56.0,0.933333333
800,6869070,5016,183476907,61C,INBOUND-PITTSBURGH VIA OAKLAND,22:15:00,3,MCKEESPORT TRANSPORTATION CENTER AT BAY #4,22899,23:07:00,85,15.56014888,3,FIFTH AVE + WOOD ST,20856,1/1/2023 22:15,1/1/2023 23:07,0 days 00:52:00,52.0,0.866666667
801,8555070,5017,183476907,61C,OUTBOUND-MCKEESPORT HOMESTEAD VIA OAKLAND-SQ HILL-MURRAY AV,23:07:00,3,FIFTH AVE + WOOD ST,20856,23:58:00,81,14.39115414,3,MCKSPT TRANSPORTATION CTR + BAY #2,17791,1/1/2023 23:07,1/1/2023 23:58,0 days 00:51:00,51.0,0.85
804,3094070,5020,183477107,61C,INBOUND-PITTSBURGH VIA OAKLAND,21:45:00,3,MCKEESPORT TRANSPORTATION CENTER AT BAY #4,22899,22:37:00,85,15.56014888,3,FIFTH AVE + WOOD ST,20856,1/1/2023 21:45,1/1/2023 22:37,0 days 00:52:00,52.0,0.866666667
805,2857070,5021,183477107,61C,OUTBOUND-MCKEESPORT HOMESTEAD VIA OAKLAND-SQ HILL-MURRAY AV,22:37:00,3,FIFTH AVE + WOOD ST,20856,23:33:00,81,14.39115414,3,MCKSPT TRANSPORTATION CTR + BAY #2,17791,1/1/2023 22:37,1/1/2023 23:33,0 days 00:56:00,56.0,0.933333333
806,958070,5022,183477107,61C,INBOUND-PITTSBURGH VIA OAKLAND,23:48:00,3,MCKEESPORT TRANSPORTATION CENTER AT BAY #4,22899,24:40:00,85,15.56014888,3,FIFTH AVE + WOOD ST,20856,1/1/2023 23:48,1/2/2023 0:40,0 days 00:52:00,52.0,0.866666667
807,12391070,5023,183477107,61C,OUTBOUND-MCKEESPORT HOMESTEAD VIA OAKLAND-SQ HILL-MURRAY AV,24:40:00,3,FIFTH AVE + WOOD ST,20856,25:31:00,81,14.39115414,3,MCKSPT TRANSPORTATION CTR + BAY #2,17791,1/2/2023 0:40,1/2/2023 1:31,0 days 00:51:00,51.0,0.85
808,13203070,5030,183477407,61C,INBOUND-PITTSBURGH VIA OAKLAND,15:51:00,3,MCKEESPORT TRANSPORTATION CENTER AT BAY #4,22899,17:05:00,85,15.56014888,3,FIFTH AVE + WOOD ST,20856,1/1/2023 15:51,1/1/2023 17:05,0 days 01:14:00,74.0,1.233333333
809,3689070,5031,183477407,61C,OUTBOUND-MCKEESPORT HOMESTEAD VIA OAKLAND-SQ HILL-MURRAY AV,17:05:00,3,FIFTH AVE + WOOD ST,20856,18:07:00,81,14.39115414,3,MCKSPT TRANSPORTATION CTR + BAY #2,17791,1/1/2023 17:05,1/1/2023 18:07,0 days 01:02:00,62.0,1.033333333
810,13552070,5032,183477407,61C,INBOUND-PITTSBURGH VIA OAKLAND,18:32:00,3,MCKEESPORT TRANSPORTATION CENTER AT BAY #4,22899,19:37:00,85,15.56014888,3,FIFTH AVE + WOOD ST,20856,1/1/2023 18:32,1/1/2023 19:37,0 days 01:05:00,65.0,1.083333333
811,8512070,5033,183477407,61C,OUTBOUND-MCKEESPORT HOMESTEAD VIA OAKLAND-SQ HILL-MURRAY AV,19:37:00,3,FIFTH AVE + WOOD ST,20856,20:35:00,81,14.39115414,3,MCKSPT TRANSPORTATION CTR + BAY #2,17791,1/1/2023 19:37,1/1/2023 20:35,0 days 00:58:00,58.0,0.966666667
812,11795070,5034,183477507,61C,INBOUND-PITTSBURGH VIA OAKLAND,21:15:00,3,MCKEESPORT TRANSPORTATION CENTER AT BAY #4,22899,22:07:00,85,15.56014888,3,FIFTH AVE + WOOD ST,20856,1/1/2023 21:15,1/1/2023 22:07,0 days 00:52:00,52.0,0.866666667
813,9082070,5035,183477507,61C,OUTBOUND-MCKEESPORT HOMESTEAD VIA OAKLAND-SQ HILL-MURRAY AV,22:07:00,3,FIFTH AVE + WOOD ST,20856,23:03:00,81,14.39115414,3,MCKSPT TRANSPORTATION CTR + BAY #2,17791,1/1/2023 22:07,1/1/2023 23:03,0 days 00:56:00,56.0,0.933333333
814,2442070,5036,183477507,61C,INBOUND-PITTSBURGH VIA OAKLAND,23:18:00,3,MCKEESPORT TRANSPORTATION CENTER AT BAY #4,22899,24:10:00,85,15.56014888,3,FIFTH AVE + WOOD ST,20856,1/1/2023 23:18,1/2/2023 0:10,0 days 00:52:00,52.0,0.866666667
815,3085070,5037,183477507,61C,OUTBOUND-MCKEESPORT HOMESTEAD VIA OAKLAND-SQ HILL-MURRAY AV,24:10:00,3,FIFTH AVE + WOOD ST,20856,25:01:00,81,14.39115414,3,MCKSPT TRANSPORTATION CTR + BAY #2,17791,1/2/2023 0:10,1/2/2023 1:01,0 days 00:51:00,51.0,0.85
828,9603020,10891,183843202,61A,INBOUND-DOWNTOWN VIA OAKLAND,11:26:00,4,BRADDOCK HILLS S C + STOREFRONT,12565,12:33:00,98,14.3126002,4,FIFTH AVE + WOOD ST,20856,1/1/2023 11:26,1/1/2023 12:33,0 days 01:07:00,67.0,1.116666667
829,11338020,10892,183843202,61A,OUTBOUND-BRADDOCK HILLS SHOPPING CENTER,12:33:00,4,FIFTH AVE + WOOD ST,20856,13:34:00,90,13.94525706,4,BRADDOCK HILLS SC + GIANT EAGLE,7357,1/1/2023 12:33,1/1/2023 13:34,0 days 01:01:00,61.0,1.016666667
830,11391020,10893,183843202,61B,INBOUND-DOWNTOWN,13:56:00,4,BRADDOCK HILLS S C + STOREFRONT,12565,15:00:00,74,12.54858513,4,FIFTH AVE + WOOD ST,20856,1/1/2023 13:56,1/1/2023 15:00,0 days 01:04:00,64.0,1.066666667
831,3582020,10894,183843202,61B,OUTBOUND-BRADDOCK-SWISSVALE,15:00:00,4,FIFTH AVE + WOOD ST,20856,15:59:00,70,12.04171897,4,BRADDOCK HILLS SC + GIANT EAGLE,7357,1/1/2023 15:00,1/1/2023 15:59,0 days 00:59:00,59.0,0.983333333
836,3698020,10909,183843902,61A,INBOUND-DOWNTOWN VIA OAKLAND,11:46:00,4,BRADDOCK HILLS S C + STOREFRONT,12565,12:53:00,98,14.3126002,4,FIFTH AVE + WOOD ST,20856,1/1/2023 11:46,1/1/2023 12:53,0 days 01:07:00,67.0,1.116666667
837,9932020,10910,183843902,61A,OUTBOUND-BRADDOCK HILLS SHOPPING CENTER,12:53:00,4,FIFTH AVE + WOOD ST,20856,13:54:00,90,13.94525706,4,BRADDOCK HILLS SC + GIANT EAGLE,7357,1/1/2023 12:53,1/1/2023 13:54,0 days 01:01:00,61.0,1.016666667
838,323020,10911,183843902,61B,INBOUND-DOWNTOWN,14:11:00,4,BRADDOCK HILLS S C + STOREFRONT,12565,15:15:00,74,12.54858513,4,FIFTH AVE + WOOD ST,20856,1/1/2023 14:11,1/1/2023 15:15,0 days 01:04:00,64.0,1.066666667
839,1383020,10912,183843902,61B,OUTBOUND-BRADDOCK-SWISSVALE,15:15:00,4,FIFTH AVE + WOOD ST,20856,16:14:00,70,12.04171897,4,BRADDOCK HILLS SC + GIANT EAGLE,7357,1/1/2023 15:15,1/1/2023 16:14,0 days 00:59:00,59.0,0.983333333
844,12599020,10923,183844502,61A,INBOUND-DOWNTOWN VIA OAKLAND,15:59:00,4,BRADDOCK HILLS S C + STOREFRONT,12565,17:07:00,98,14.3126002,4,FIFTH AVE + WOOD ST,20856,1/1/2023 15:59,1/1/2023 17:07,0 days 01:08:00,68.0,1.133333333
845,8976020,10924,183844502,61A,OUTBOUND-BRADDOCK HILLS SHOPPING CENTER,17:07:00,4,FIFTH AVE + WOOD ST,20856,18:15:00,90,13.94525706,4,BRADDOCK HILLS SC + GIANT EAGLE,7357,1/1/2023 17:07,1/1/2023 18:15,0 days 01:08:00,68.0,1.133333333
846,7965020,10925,183844502,61B,INBOUND-DOWNTOWN,18:32:00,4,BRADDOCK HILLS S C + STOREFRONT,12565,19:30:00,74,12.54858513,4,FIFTH AVE + WOOD ST,20856,1/1/2023 18:32,1/1/2023 19:30,0 days 00:58:00,58.0,0.966666667
847,12434020,10926,183844502,61B,OUTBOUND-BRADDOCK-SWISSVALE,19:30:00,4,FIFTH AVE + WOOD ST,20856,20:23:00,70,12.04171897,4,BRADDOCK HILLS SC + GIANT EAGLE,7357,1/1/2023 19:30,1/1/2023 20:23,0 days 00:53:00,53.0,0.883333333
874,6840020,11133,183852002,61A,INBOUND-DOWNTOWN VIA OAKLAND,18:14:00,4,BRADDOCK HILLS S C + STOREFRONT,12565,19:15:00,98,14.3126002,4,FIFTH AVE + WOOD ST,20856,1/1/2023 18:14,1/1/2023 19:15,0 days 01:01:00,61.0,1.016666667
875,13449020,11134,183852002,61A,OUTBOUND-BRADDOCK HILLS SHOPPING CENTER,19:15:00,4,FIFTH AVE + WOOD ST,20856,20:13:00,90,13.94525706,4,BRADDOCK HILLS SC + GIANT EAGLE,7357,1/1/2023 19:15,1/1/2023 20:13,0 days 00:58:00,58.0,0.966666667
876,13666020,11135,183852002,61B,INBOUND-DOWNTOWN,20:32:00,4,BRADDOCK HILLS S C + STOREFRONT,12565,21:30:00,74,12.54858513,4,FIFTH AVE + WOOD ST,20856,1/1/2023 20:32,1/1/2023 21:30,0 days 00:58:00,58.0,0.966666667
877,5757020,11136,183852002,61B,OUTBOUND-BRADDOCK-SWISSVALE,21:30:00,4,FIFTH AVE + WOOD ST,20856,22:23:00,70,12.04171897,4,BRADDOCK HILLS SC + GIANT EAGLE,7357,1/1/2023 21:30,1/1/2023 22:23,0 days 00:53:00,53.0,0.883333333
938,11987020,11252,183856302,61C,INBOUND-PITTSBURGH VIA OAKLAND,21:07:00,4,MCKEESPORT TRANSPORTATION CENTER AT BAY #4,22899,22:07:00,85,15.56014888,4,FIFTH AVE + WOOD ST,20856,1/1/2023 21:07,1/1/2023 22:07,0 days 01:00:00,60.0,1.0
939,3497020,11253,183856302,61C,OUTBOUND-MCKEESPORT HOMESTEAD VIA OAKLAND-SQ HILL-MURRAY AV,22:07:00,4,FIFTH AVE + WOOD ST,20856,23:01:00,81,14.39115414,4,MCKSPT TRANSPORTATION CTR + BAY #2,17791,1/1/2023 22:07,1/1/2023 23:01,0 days 00:54:00,54.0,0.9
940,229020,11254,183856302,61C,INBOUND-PITTSBURGH VIA OAKLAND,23:23:00,4,MCKEESPORT TRANSPORTATION CENTER AT BAY #4,22899,24:15:00,85,15.56014888,4,FIFTH AVE + WOOD ST,20856,1/1/2023 23:23,1/2/2023 0:15,0 days 00:52:00,52.0,0.866666667
941,13283020,11255,183856302,61C,OUTBOUND-MCKEESPORT HOMESTEAD VIA OAKLAND-SQ HILL-MURRAY AV,24:15:00,4,FIFTH AVE + WOOD ST,20856,25:02:00,81,14.39115414,4,MCKSPT TRANSPORTATION CTR + BAY #2,17791,1/2/2023 0:15,1/2/2023 1:02,0 days 00:47:00,47.0,0.783333333
942,2758020,11258,183856502,61C,INBOUND-PITTSBURGH VIA OAKLAND,22:15:00,4,MCKEESPORT TRANSPORTATION CENTER AT BAY #4,22899,23:07:00,85,15.56014888,4,FIFTH AVE + WOOD ST,20856,1/1/2023 22:15,1/1/2023 23:07,0 days 00:52:00,52.0,0.866666667
943,7117020,11259,183856502,61C,OUTBOUND-MCKEESPORT HOMESTEAD VIA OAKLAND-SQ HILL-MURRAY AV,23:07:00,4,FIFTH AVE + WOOD ST,20856,23:54:00,81,14.39115414,4,MCKSPT TRANSPORTATION CTR + BAY #2,17791,1/1/2023 23:07,1/1/2023 23:54,0 days 00:47:00,47.0,0.783333333
944,2046020,11260,183856502,61C,INBOUND-PITTSBURGH VIA OAKLAND,24:08:00,4,MCKEESPORT TRANSPORTATION CENTER AT BAY #4,22899,25:00:00,85,15.56014888,4,FIFTH AVE + WOOD ST,20856,1/2/2023 0:08,1/2/2023 1:00,0 days 00:52:00,52.0,0.866666667
945,7914020,11261,183856502,61C,OUTBOUND-MCKEESPORT HOMESTEAD VIA OAKLAND-SQ HILL-MURRAY AV,25:00:00,4,FIFTH AVE + WOOD ST,20856,25:47:00,81,14.39115414,4,MCKSPT TRANSPORTATION CTR + BAY #2,17791,1/2/2023 1:00,1/2/2023 1:47,0 days 00:47:00,47.0,0.783333333
968,2197020,11627,183866302,61A,INBOUND-DOWNTOWN VIA OAKLAND,7:11:00,4,BRADDOCK HILLS S C + STOREFRONT,12565,8:22:00,98,14.3126002,4,FIFTH AVE + WOOD ST,20856,1/1/2023 7:11,1/1/2023 8:22,0 days 01:11:00,71.0,1.183333333
969,4150020,11628,183866302,61A,OUTBOUND-BRADDOCK HILLS SHOPPING CENTER,8:22:00,4,FIFTH AVE + WOOD ST,20856,9:21:00,90,13.94525706,4,BRADDOCK HILLS SC + GIANT EAGLE,7357,1/1/2023 8:22,1/1/2023 9:21,0 days 00:59:00,59.0,0.983333333
970,3247020,11629,183866302,61B,INBOUND-DOWNTOWN,9:39:00,4,BRADDOCK HILLS S C + STOREFRONT,12565,10:43:00,74,12.54858513,4,FIFTH AVE + WOOD ST,20856,1/1/2023 9:39,1/1/2023 10:43,0 days 01:04:00,64.0,1.066666667
971,9537020,11630,183866302,61B,OUTBOUND-BRADDOCK-SWISSVALE,10:43:00,4,FIFTH AVE + WOOD ST,20856,11:42:00,70,12.04171897,4,BRADDOCK HILLS SC + GIANT EAGLE,7357,1/1/2023 10:43,1/1/2023 11:42,0 days 00:59:00,59.0,0.983333333
972,14106020,11631,183866402,61A,INBOUND-DOWNTOWN VIA OAKLAND,15:29:00,4,BRADDOCK HILLS S C + STOREFRONT,12565,16:37:00,98,14.3126002,4,FIFTH AVE + WOOD ST,20856,1/1/2023 15:29,1/1/2023 16:37,0 days 01:08:00,68.0,1.133333333
973,7475020,11632,183866402,61A,OUTBOUND-BRADDOCK HILLS SHOPPING CENTER,16:37:00,4,FIFTH AVE + WOOD ST,20856,17:45:00,90,13.94525706,4,BRADDOCK HILLS SC + GIANT EAGLE,7357,1/1/2023 16:37,1/1/2023 17:45,0 days 01:08:00,68.0,1.133333333
974,9133020,11633,183866402,61B,INBOUND-DOWNTOWN,18:02:00,4,BRADDOCK HILLS S C + STOREFRONT,12565,19:00:00,74,12.54858513,4,FIFTH AVE + WOOD ST,20856,1/1/2023 18:02,1/1/2023 19:00,0 days 00:58:00,58.0,0.966666667
975,9465020,11634,183866402,61B,OUTBOUND-BRADDOCK-SWISSVALE,19:00:00,4,FIFTH AVE + WOOD ST,20856,19:53:00,70,12.04171897,4,BRADDOCK HILLS SC + GIANT EAGLE,7357,1/1/2023 19:00,1/1/2023 19:53,0 days 00:53:00,53.0,0.883333333
978,2434020,11637,183866602,61A,INBOUND-DOWNTOWN,7:01:00,4,BRADDOCK AVE + 6TH ST,20939,8:07:00,92,12.98622417,4,FIFTH AVE + WOOD ST,20856,1/1/2023 7:01,1/1/2023 8:07,0 days 01:06:00,66.0,1.1
979,556020,11638,183866602,61A,OUTBOUND-BRADDOCK HILLS SHOPPING CENTER,8:07:00,4,FIFTH AVE + WOOD ST,20856,9:06:00,90,13.94525706,4,BRADDOCK HILLS SC + GIANT EAGLE,7357,1/1/2023 8:07,1/1/2023 9:06,0 days 00:59:00,59.0,0.983333333
980,7739020,11639,183866602,61A,INBOUND-DOWNTOWN VIA OAKLAND,9:27:00,4,BRADDOCK HILLS S C + STOREFRONT,12565,10:33:00,98,14.3126002,4,FIFTH AVE + WOOD ST,20856,1/1/2023 9:27,1/1/2023 10:33,0 days 01:06:00,66.0,1.1
981,8470020,11640,183866602,61A,OUTBOUND-BRADDOCK HILLS SHOPPING CENTER,10:33:00,4,FIFTH AVE + WOOD ST,20856,11:32:00,90,13.94525706,4,BRADDOCK HILLS SC + GIANT EAGLE,7357,1/1/2023 10:33,1/1/2023 11:32,0 days 00:59:00,59.0,0.983333333
986,10078020,11645,183866802,61A,INBOUND-DOWNTOWN VIA OAKLAND,16:29:00,4,BRADDOCK HILLS S C + STOREFRONT,12565,17:37:00,98,14.3126002,4,FIFTH AVE + WOOD ST,20856,1/1/2023 16:29,1/1/2023 17:37,0 days 01:08:00,68.0,1.133333333
987,5955020,11646,183866802,61A,OUTBOUND-BRADDOCK HILLS SHOPPING CENTER,17:37:00,4,FIFTH AVE + WOOD ST,20856,18:45:00,90,13.94525706,4,BRADDOCK HILLS SC + GIANT EAGLE,7357,1/1/2023 17:37,1/1/2023 18:45,0 days 01:08:00,68.0,1.133333333
988,6647020,11647,183866802,61B,INBOUND-DOWNTOWN,19:02:00,4,BRADDOCK HILLS S C + STOREFRONT,12565,20:00:00,74,12.54858513,4,FIFTH AVE + WOOD ST,20856,1/1/2023 19:02,1/1/2023 20:00,0 days 00:58:00,58.0,0.966666667
989,13395020,11648,183866802,61B,OUTBOUND-BRADDOCK-SWISSVALE,20:00:00,4,FIFTH AVE + WOOD ST,20856,20:53:00,70,12.04171897,4,BRADDOCK HILLS SC + GIANT EAGLE,7357,1/1/2023 20:00,1/1/2023 20:53,0 days 00:53:00,53.0,0.883333333
1002,6058020,11661,183867302,61B,INBOUND-DOWNTOWN,7:27:00,4,BRADDOCK HILLS S C + STOREFRONT,12565,8:30:00,74,12.54858513,4,FIFTH AVE + WOOD ST,20856,1/1/2023 7:27,1/1/2023 8:30,0 days 01:03:00,63.0,1.05
1003,13466020,11662,183867302,61B,OUTBOUND-BRADDOCK-SWISSVALE,8:30:00,4,FIFTH AVE + WOOD ST,20856,9:28:00,70,12.04171897,4,BRADDOCK HILLS SC + GIANT EAGLE,7357,1/1/2023 8:30,1/1/2023 9:28,0 days 00:58:00,58.0,0.966666667
1004,8733020,11663,183867302,61A,INBOUND-DOWNTOWN VIA OAKLAND,9:47:00,4,BRADDOCK HILLS S C + STOREFRONT,12565,10:53:00,98,14.3126002,4,FIFTH AVE + WOOD ST,20856,1/1/2023 9:47,1/1/2023 10:53,0 days 01:06:00,66.0,1.1
1005,6379020,11664,183867302,61A,OUTBOUND-BRADDOCK HILLS SHOPPING CENTER,10:53:00,4,FIFTH AVE + WOOD ST,20856,11:52:00,90,13.94525706,4,BRADDOCK HILLS SC + GIANT EAGLE,7357,1/1/2023 10:53,1/1/2023 11:52,0 days 00:59:00,59.0,0.983333333
1012,4300020,11671,183867602,61B,INBOUND-DOWNTOWN,7:42:00,4,BRADDOCK HILLS S C + STOREFRONT,12565,8:45:00,74,12.54858513,4,FIFTH AVE + WOOD ST,20856,1/1/2023 7:42,1/1/2023 8:45,0 days 01:03:00,63.0,1.05
1013,13076020,11672,183867602,61B,OUTBOUND-BRADDOCK-SWISSVALE,8:45:00,4,FIFTH AVE + WOOD ST,20856,9:43:00,70,12.04171897,4,BRADDOCK HILLS SC + GIANT EAGLE,7357,1/1/2023 8:45,1/1/2023 9:43,0 days 00:58:00,58.0,0.966666667
1014,12507020,11673,183867602,61A,INBOUND-DOWNTOWN VIA OAKLAND,10:07:00,4,BRADDOCK HILLS S C + STOREFRONT,12565,11:13:00,98,14.3126002,4,FIFTH AVE + WOOD ST,20856,1/1/2023 10:07,1/1/2023 11:13,0 days 01:06:00,66.0,1.1
1015,11203020,11674,183867602,61A,OUTBOUND-BRADDOCK HILLS SHOPPING CENTER,11:13:00,4,FIFTH AVE + WOOD ST,20856,12:12:00,90,13.94525706,4,BRADDOCK HILLS SC + GIANT EAGLE,7357,1/1/2023 11:13,1/1/2023 12:12,0 days 00:59:00,59.0,0.983333333
1022,6487020,11681,183867902,61A,INBOUND-DOWNTOWN,5:39:00,4,BRADDOCK AVE + 6TH ST,20939,6:45:00,92,12.98622417,4,FIFTH AVE + WOOD ST,20856,1/1/2023 5:39,1/1/2023 6:45,0 days 01:06:00,66.0,1.1
1023,1733020,11682,183867902,61A,OUTBOUND-BRADDOCK HILLS SHOPPING CENTER,6:45:00,4,FIFTH AVE + WOOD ST,20856,7:44:00,90,13.94525706,4,BRADDOCK HILLS SC + GIANT EAGLE,7357,1/1/2023 6:45,1/1/2023 7:44,0 days 00:59:00,59.0,0.983333333
1024,5457020,11683,183867902,61A,INBOUND-DOWNTOWN VIA OAKLAND,8:01:00,4,BRADDOCK HILLS S C + STOREFRONT,12565,9:07:00,98,14.3126002,4,FIFTH AVE + WOOD ST,20856,1/1/2023 8:01,1/1/2023 9:07,0 days 01:06:00,66.0,1.1
1025,13489020,11684,183867902,61A,OUTBOUND-BRADDOCK HILLS SHOPPING CENTER,9:07:00,4,FIFTH AVE + WOOD ST,20856,10:06:00,90,13.94525706,4,BRADDOCK HILLS SC + GIANT EAGLE,7357,1/1/2023 9:07,1/1/2023 10:06,0 days 00:59:00,59.0,0.983333333
1034,7856020,11960,183877202,61C,INBOUND-PITTSBURGH VIA OAKLAND,4:15:00,4,MCKEESPORT TRANSPORTATION CENTER AT BAY #4,22899,5:07:00,85,15.56014888,4,FIFTH AVE + WOOD ST,20856,1/1/2023 4:15,1/1/2023 5:07,0 days 00:52:00,52.0,0.866666667
1035,9330020,11961,183877202,61C,OUTBOUND-MCKEESPORT HOMESTEAD VIA OAKLAND-SQ HILL-MURRAY AV,5:07:00,4,FIFTH AVE + WOOD ST,20856,5:58:00,81,14.39115414,4,MCKSPT TRANSPORTATION CTR + BAY #2,17791,1/1/2023 5:07,1/1/2023 5:58,0 days 00:51:00,51.0,0.85
1036,12877020,11962,183877202,61C,INBOUND-PITTSBURGH VIA OAKLAND,6:15:00,4,MCKEESPORT TRANSPORTATION CENTER AT BAY #4,22899,7:33:00,85,15.56014888,4,FIFTH AVE + WOOD ST,20856,1/1/2023 6:15,1/1/2023 7:33,0 days 01:18:00,78.0,1.3
1037,1761020,11963,183877202,61C,OUTBOUND-MCKEESPORT HOMESTEAD VIA OAKLAND-SQ HILL-MURRAY AV,7:33:00,4,FIFTH AVE + WOOD ST,20856,8:34:00,81,14.39115414,4,MCKSPT TRANSPORTATION CTR + BAY #2,17791,1/1/2023 7:33,1/1/2023 8:34,0 days 01:01:00,61.0,1.016666667
1038,2438020,11964,183877302,61C,INBOUND-PITTSBURGH VIA OAKLAND,4:45:00,4,MCKEESPORT TRANSPORTATION CENTER AT BAY #4,22899,5:37:00,85,15.56014888,4,FIFTH AVE + WOOD ST,20856,1/1/2023 4:45,1/1/2023 5:37,0 days 00:52:00,52.0,0.866666667
1039,1436020,11965,183877302,61C,OUTBOUND-MCKEESPORT HOMESTEAD VIA OAKLAND-SQ HILL-MURRAY AV,5:37:00,4,FIFTH AVE + WOOD ST,20856,6:28:00,81,14.39115414,4,MCKSPT TRANSPORTATION CTR + BAY #2,17791,1/1/2023 5:37,1/1/2023 6:28,0 days 00:51:00,51.0,0.85
1040,5691020,11966,183877302,61C,INBOUND-PITTSBURGH VIA OAKLAND,6:45:00,4,MCKEESPORT TRANSPORTATION CENTER AT BAY #4,22899,8:03:00,85,15.56014888,4,FIFTH AVE + WOOD ST,20856,1/1/2023 6:45,1/1/2023 8:03,0 days 01:18:00,78.0,1.3
1041,259020,11967,183877302,61C,OUTBOUND-MCKEESPORT HOMESTEAD VIA OAKLAND-SQ HILL-MURRAY AV,8:03:00,4,FIFTH AVE + WOOD ST,20856,9:04:00,81,14.39115414,4,MCKSPT TRANSPORTATION CTR + BAY #2,17791,1/1/2023 8:03,1/1/2023 9:04,0 days 01:01:00,61.0,1.016666667
1042,1124020,11971,183877502,61C,INBOUND-PITTSBURGH VIA OAKLAND,5:05:00,4,MCKEESPORT TRANSPORTATION CENTER AT BAY #4,22899,6:07:00,85,15.56014888,4,FIFTH AVE + WOOD ST,20856,1/1/2023 5:05,1/1/2023 6:07,0 days 01:02:00,62.0,1.033333333
1043,10883020,11972,183877502,61C,OUTBOUND-MCKEESPORT HOMESTEAD VIA OAKLAND-SQ HILL-MURRAY AV,6:07:00,4,FIFTH AVE + WOOD ST,20856,6:58:00,81,14.39115414,4,MCKSPT TRANSPORTATION CTR + BAY #2,17791,1/1/2023 6:07,1/1/2023 6:58,0 days 00:51:00,51.0,0.85
1044,2253020,11973,183877502,61C,INBOUND-PITTSBURGH VIA OAKLAND,7:15:00,4,MCKEESPORT TRANSPORTATION CENTER AT BAY #4,22899,8:33:00,85,15.56014888,4,FIFTH AVE + WOOD ST,20856,1/1/2023 7:15,1/1/2023 8:33,0 days 01:18:00,78.0,1.3
1045,8583020,11974,183877502,61C,OUTBOUND-MCKEESPORT HOMESTEAD VIA OAKLAND-SQ HILL-MURRAY AV,8:33:00,4,FIFTH AVE + WOOD ST,20856,9:34:00,81,14.39115414,4,MCKSPT TRANSPORTATION CTR + BAY #2,17791,1/1/2023 8:33,1/1/2023 9:34,0 days 01:01:00,61.0,1.016666667
1056,10362020,12030,183879702,61C,INBOUND-PITTSBURGH VIA OAKLAND,8:00:00,4,MCKEESPORT TRANSPORTATION CENTER AT BAY #4,22899,9:18:00,85,15.56014888,4,FIFTH AVE + WOOD ST,20856,1/1/2023 8:00,1/1/2023 9:18,0 days 01:18:00,78.0,1.3
1057,9904020,12031,183879702,61C,OUTBOUND-MCKEESPORT HOMESTEAD VIA OAKLAND-SQ HILL-MURRAY AV,9:18:00,4,FIFTH AVE + WOOD ST,20856,10:19:00,81,14.39115414,4,MCKSPT TRANSPORTATION CTR + BAY #2,17791,1/1/2023 9:18,1/1/2023 10:19,0 days 01:01:00,61.0,1.016666667
1058,14061020,12032,183879702,61C,INBOUND-PITTSBURGH VIA OAKLAND,10:33:00,4,MCKEESPORT TRANSPORTATION CENTER AT BAY #4,22899,11:48:00,85,15.56014888,4,FIFTH AVE + WOOD ST,20856,1/1/2023 10:33,1/1/2023 11:48,0 days 01:15:00,75.0,1.25
1059,6046020,12033,183879702,61C,OUTBOUND-MCKEESPORT HOMESTEAD VIA OAKLAND-SQ HILL-MURRAY AV,11:48:00,4,FIFTH AVE + WOOD ST,20856,12:49:00,81,14.39115414,4,MCKSPT TRANSPORTATION CTR + BAY #2,17791,1/1/2023 11:48,1/1/2023 12:49,0 days 01:01:00,61.0,1.016666667
1062,4158020,12036,183879902,61C,INBOUND-PITTSBURGH VIA OAKLAND,14:18:00,4,MCKEESPORT TRANSPORTATION CENTER AT BAY #4,22899,15:33:00,85,15.56014888,4,FIFTH AVE + WOOD ST,20856,1/1/2023 14:18,1/1/2023 15:33,0 days 01:15:00,75.0,1.25
1063,3995020,12037,183879902,61C,OUTBOUND-MCKEESPORT HOMESTEAD VIA OAKLAND-SQ HILL-MURRAY AV,15:33:00,4,FIFTH AVE + WOOD ST,20856,16:44:00,81,14.39115414,4,MCKSPT TRANSPORTATION CTR + BAY #2,17791,1/1/2023 15:33,1/1/2023 16:44,0 days 01:11:00,71.0,1.183333333
1064,8041020,12038,183879902,61C,INBOUND-PITTSBURGH VIA OAKLAND,17:01:00,4,MCKEESPORT TRANSPORTATION CENTER AT BAY #4,22899,18:07:00,85,15.56014888,4,FIFTH AVE + WOOD ST,20856,1/1/2023 17:01,1/1/2023 18:07,0 days 01:06:00,66.0,1.1
1065,1762020,12039,183879902,61C,OUTBOUND-MCKEESPORT HOMESTEAD VIA OAKLAND-SQ HILL-MURRAY AV,18:07:00,4,FIFTH AVE + WOOD ST,20856,19:10:00,81,14.39115414,4,MCKSPT TRANSPORTATION CTR + BAY #2,17791,1/1/2023 18:07,1/1/2023 19:10,0 days 01:03:00,63.0,1.05
1066,11637020,12040,183880002,61C,INBOUND-PITTSBURGH VIA OAKLAND,7:00:00,4,MCKEESPORT TRANSPORTATION CENTER AT BAY #4,22899,8:18:00,85,15.56014888,4,FIFTH AVE + WOOD ST,20856,1/1/2023 7:00,1/1/2023 8:18,0 days 01:18:00,78.0,1.3
1067,1847020,12041,183880002,61C,OUTBOUND-MCKEESPORT HOMESTEAD VIA OAKLAND-SQ HILL-MURRAY AV,8:18:00,4,FIFTH AVE + WOOD ST,20856,9:19:00,81,14.39115414,4,MCKSPT TRANSPORTATION CTR + BAY #2,17791,1/1/2023 8:18,1/1/2023 9:19,0 days 01:01:00,61.0,1.016666667
1068,11450020,12042,183880002,61C,INBOUND-PITTSBURGH VIA OAKLAND,9:33:00,4,MCKEESPORT TRANSPORTATION CENTER AT BAY #4,22899,10:48:00,85,15.56014888,4,FIFTH AVE + WOOD ST,20856,1/1/2023 9:33,1/1/2023 10:48,0 days 01:15:00,75.0,1.25
1069,923020,12043,183880002,61C,OUTBOUND-MCKEESPORT HOMESTEAD VIA OAKLAND-SQ HILL-MURRAY AV,10:48:00,4,FIFTH AVE + WOOD ST,20856,11:49:00,81,14.39115414,4,MCKSPT TRANSPORTATION CTR + BAY #2,17791,1/1/2023 10:48,1/1/2023 11:49,0 days 01:01:00,61.0,1.016666667
1070,358020,12044,183880102,61C,INBOUND-PITTSBURGH VIA OAKLAND,5:35:00,4,MCKEESPORT TRANSPORTATION CENTER AT BAY #4,22899,6:37:00,85,15.56014888,4,FIFTH AVE + WOOD ST,20856,1/1/2023 5:35,1/1/2023 6:37,0 days 01:02:00,62.0,1.033333333
1071,6506020,12045,183880102,61C,OUTBOUND-MCKEESPORT HOMESTEAD VIA OAKLAND-SQ HILL-MURRAY AV,6:37:00,4,FIFTH AVE + WOOD ST,20856,7:28:00,81,14.39115414,4,MCKSPT TRANSPORTATION CTR + BAY #2,17791,1/1/2023 6:37,1/1/2023 7:28,0 days 00:51:00,51.0,0.85
1072,11651020,12046,183880102,61C,INBOUND-PITTSBURGH VIA OAKLAND,7:45:00,4,MCKEESPORT TRANSPORTATION CENTER AT BAY #4,22899,9:03:00,85,15.56014888,4,FIFTH AVE + WOOD ST,20856,1/1/2023 7:45,1/1/2023 9:03,0 days 01:18:00,78.0,1.3
1073,8327020,12047,183880102,61C,OUTBOUND-MCKEESPORT HOMESTEAD VIA OAKLAND-SQ HILL-MURRAY AV,9:03:00,4,FIFTH AVE + WOOD ST,20856,10:04:00,81,14.39115414,4,MCKSPT TRANSPORTATION CTR + BAY #2,17791,1/1/2023 9:03,1/1/2023 10:04,0 days 01:01:00,61.0,1.016666667
1084,10861020,12066,183881002,61C,INBOUND-PITTSBURGH VIA OAKLAND,15:44:00,4,MCKEESPORT TRANSPORTATION CENTER AT BAY #4,22899,17:03:00,85,15.56014888,4,FIFTH AVE + WOOD ST,20856,1/1/2023 15:44,1/1/2023 17:03,0 days 01:19:00,79.0,1.316666667
1085,7141020,12067,183881002,61C,OUTBOUND-MCKEESPORT HOMESTEAD VIA OAKLAND-SQ HILL-MURRAY AV,17:03:00,4,FIFTH AVE + WOOD ST,20856,18:15:00,81,14.39115414,4,MCKSPT TRANSPORTATION CTR + BAY #2,17791,1/1/2023 17:03,1/1/2023 18:15,0 days 01:12:00,72.0,1.2
1086,9332020,12068,183881002,61C,INBOUND-PITTSBURGH VIA OAKLAND,18:31:00,4,MCKEESPORT TRANSPORTATION CENTER AT BAY #4,22899,19:37:00,85,15.56014888,4,FIFTH AVE + WOOD ST,20856,1/1/2023 18:31,1/1/2023 19:37,0 days 01:06:00,66.0,1.1
1087,1680020,12069,183881002,61C,OUTBOUND-MCKEESPORT HOMESTEAD VIA OAKLAND-SQ HILL-MURRAY AV,19:37:00,4,FIFTH AVE + WOOD ST,20856,20:36:00,81,14.39115414,4,MCKSPT TRANSPORTATION CTR + BAY #2,17791,1/1/2023 19:37,1/1/2023 20:36,0 days 00:59:00,59.0,0.983333333
1110,4032020,12092,183882202,61A,INBOUND-DOWNTOWN VIA OAKLAND,17:14:00,4,BRADDOCK HILLS S C + STOREFRONT,12565,18:15:00,98,14.3126002,4,FIFTH AVE + WOOD ST,20856,1/1/2023 17:14,1/1/2023 18:15,0 days 01:01:00,61.0,1.016666667
1111,4785020,12093,183882202,61A,OUTBOUND-BRADDOCK HILLS SHOPPING CENTER,18:15:00,4,FIFTH AVE + WOOD ST,20856,19:13:00,90,13.94525706,4,BRADDOCK HILLS SC + GIANT EAGLE,7357,1/1/2023 18:15,1/1/2023 19:13,0 days 00:58:00,58.0,0.966666667
1112,3216020,12094,183882202,61A,INBOUND-DOWNTOWN VIA OAKLAND,19:44:00,4,BRADDOCK HILLS S C + STOREFRONT,12565,20:45:00,98,14.3126002,4,FIFTH AVE + WOOD ST,20856,1/1/2023 19:44,1/1/2023 20:45,0 days 01:01:00,61.0,1.016666667
1113,3294020,12095,183882202,61A,OUTBOUND-BRADDOCK HILLS SHOPPING CENTER,20:45:00,4,FIFTH AVE + WOOD ST,20856,21:43:00,90,13.94525706,4,BRADDOCK HILLS SC + GIANT EAGLE,7357,1/1/2023 20:45,1/1/2023 21:43,0 days 00:58:00,58.0,0.966666667
1116,5540020,12102,183882502,61A,INBOUND-DOWNTOWN VIA OAKLAND,17:44:00,4,BRADDOCK HILLS S C + STOREFRONT,12565,18:45:00,98,14.3126002,4,FIFTH AVE + WOOD ST,20856,1/1/2023 17:44,1/1/2023 18:45,0 days 01:01:00,61.0,1.016666667
1117,12309020,12103,183882502,61A,OUTBOUND-BRADDOCK HILLS SHOPPING CENTER,18:45:00,4,FIFTH AVE + WOOD ST,20856,19:43:00,90,13.94525706,4,BRADDOCK HILLS SC + GIANT EAGLE,7357,1/1/2023 18:45,1/1/2023 19:43,0 days 00:58:00,58.0,0.966666667
1118,9867020,12104,183882502,61B,INBOUND-DOWNTOWN,20:02:00,4,BRADDOCK HILLS S C + STOREFRONT,12565,21:00:00,74,12.54858513,4,FIFTH AVE + WOOD ST,20856,1/1/2023 20:02,1/1/2023 21:00,0 days 00:58:00,58.0,0.966666667
1119,7002020,12105,183882502,61B,OUTBOUND-BRADDOCK-SWISSVALE,21:00:00,4,FIFTH AVE + WOOD ST,20856,21:53:00,70,12.04171897,4,BRADDOCK HILLS SC + GIANT EAGLE,7357,1/1/2023 21:00,1/1/2023 21:53,0 days 00:53:00,53.0,0.883333333
1128,249020,12114,183883002,61C,INBOUND-PITTSBURGH VIA OAKLAND,17:31:00,4,MCKEESPORT TRANSPORTATION CENTER AT BAY #4,22899,18:37:00,85,15.56014888,4,FIFTH AVE + WOOD ST,20856,1/1/2023 17:31,1/1/2023 18:37,0 days 01:06:00,66.0,1.1
1129,342020,12115,183883002,61C,OUTBOUND-MCKEESPORT HOMESTEAD VIA OAKLAND-SQ HILL-MURRAY AV,18:37:00,4,FIFTH AVE + WOOD ST,20856,19:40:00,81,14.39115414,4,MCKSPT TRANSPORTATION CTR + BAY #2,17791,1/1/2023 18:37,1/1/2023 19:40,0 days 01:03:00,63.0,1.05
1130,1891020,12116,183883002,61C,INBOUND-PITTSBURGH VIA OAKLAND,20:07:00,4,MCKEESPORT TRANSPORTATION CENTER AT BAY #4,22899,21:07:00,85,15.56014888,4,FIFTH AVE + WOOD ST,20856,1/1/2023 20:07,1/1/2023 21:07,0 days 01:00:00,60.0,1.0
1131,7503020,12117,183883002,61C,OUTBOUND-MCKEESPORT HOMESTEAD VIA OAKLAND-SQ HILL-MURRAY AV,21:07:00,4,FIFTH AVE + WOOD ST,20856,22:01:00,81,14.39115414,4,MCKSPT TRANSPORTATION CTR + BAY #2,17791,1/1/2023 21:07,1/1/2023 22:01,0 days 00:54:00,54.0,0.9
1140,10179020,12126,183883502,61C,INBOUND-PITTSBURGH VIA OAKLAND,16:14:00,4,MCKEESPORT TRANSPORTATION CENTER AT BAY #4,22899,17:33:00,85,15.56014888,4,FIFTH AVE + WOOD ST,20856,1/1/2023 16:14,1/1/2023 17:33,0 days 01:19:00,79.0,1.316666667
1141,12991020,12127,183883502,61C,OUTBOUND-MCKEESPORT HOMESTEAD VIA OAKLAND-SQ HILL-MURRAY AV,17:33:00,4,FIFTH AVE + WOOD ST,20856,18:45:00,81,14.39115414,4,MCKSPT TRANSPORTATION CTR + BAY #2,17791,1/1/2023 17:33,1/1/2023 18:45,0 days 01:12:00,72.0,1.2
1142,563020,12128,183883502,61C,INBOUND-PITTSBURGH VIA OAKLAND,19:07:00,4,MCKEESPORT TRANSPORTATION CENTER AT BAY #4,22899,20:07:00,85,15.56014888,4,FIFTH AVE + WOOD ST,20856,1/1/2023 19:07,1/1/2023 20:07,0 days 01:00:00,60.0,1.0
1143,11969020,12129,183883502,61C,OUTBOUND-MCKEESPORT HOMESTEAD VIA OAKLAND-SQ HILL-MURRAY AV,20:07:00,4,FIFTH AVE + WOOD ST,20856,21:01:00,81,14.39115414,4,MCKSPT TRANSPORTATION CTR + BAY #2,17791,1/1/2023 20:07,1/1/2023 21:01,0 days 00:54:00,54.0,0.9
1144,2738020,12130,183883602,61C,INBOUND-PITTSBURGH VIA OAKLAND,15:14:00,4,MCKEESPORT TRANSPORTATION CENTER AT BAY #4,22899,16:33:00,85,15.56014888,4,FIFTH AVE + WOOD ST,20856,1/1/2023 15:14,1/1/2023 16:33,0 days 01:19:00,79.0,1.316666667
1145,4443020,12131,183883602,61C,OUTBOUND-MCKEESPORT HOMESTEAD VIA OAKLAND-SQ HILL-MURRAY AV,16:33:00,4,FIFTH AVE + WOOD ST,20856,17:45:00,81,14.39115414,4,MCKSPT TRANSPORTATION CTR + BAY #2,17791,1/1/2023 16:33,1/1/2023 17:45,0 days 01:12:00,72.0,1.2
1146,76020,12132,183883602,61C,INBOUND-PITTSBURGH VIA OAKLAND,18:01:00,4,MCKEESPORT TRANSPORTATION CENTER AT BAY #4,22899,19:07:00,85,15.56014888,4,FIFTH AVE + WOOD ST,20856,1/1/2023 18:01,1/1/2023 19:07,0 days 01:06:00,66.0,1.1
1147,10942020,12133,183883602,61C,OUTBOUND-MCKEESPORT HOMESTEAD VIA OAKLAND-SQ HILL-MURRAY AV,19:07:00,4,FIFTH AVE + WOOD ST,20856,20:06:00,81,14.39115414,4,MCKSPT TRANSPORTATION CTR + BAY #2,17791,1/1/2023 19:07,1/1/2023 20:06,0 days 00:59:00,59.0,0.983333333
1148,485020,12134,183883702,61C,INBOUND-PITTSBURGH VIA OAKLAND,20:37:00,4,MCKEESPORT TRANSPORTATION CENTER AT BAY #4,22899,21:37:00,85,15.56014888,4,FIFTH AVE + WOOD ST,20856,1/1/2023 20:37,1/1/2023 21:37,0 days 01:00:00,60.0,1.0
1149,8099020,12135,183883702,61C,OUTBOUND-MCKEESPORT HOMESTEAD VIA OAKLAND-SQ HILL-MURRAY AV,21:37:00,4,FIFTH AVE + WOOD ST,20856,22:31:00,81,14.39115414,4,MCKSPT TRANSPORTATION CTR + BAY #2,17791,1/1/2023 21:37,1/1/2023 22:31,0 days 00:54:00,54.0,0.9
1150,3563020,12136,183883702,61C,INBOUND-PITTSBURGH VIA OAKLAND,22:45:00,4,MCKEESPORT TRANSPORTATION CENTER AT BAY #4,22899,23:37:00,85,15.56014888,4,FIFTH AVE + WOOD ST,20856,1/1/2023 22:45,1/1/2023 23:37,0 days 00:52:00,52.0,0.866666667
1151,3262020,12137,183883702,61C,OUTBOUND-MCKEESPORT HOMESTEAD VIA OAKLAND-SQ HILL-MURRAY AV,23:37:00,4,FIFTH AVE + WOOD ST,20856,24:24:00,81,14.39115414,4,MCKSPT TRANSPORTATION CTR + BAY #2,17791,1/1/2023 23:37,1/2/2023 0:24,0 days 00:47:00,47.0,0.783333333
1172,5959020,12613,183949102,P3,INBOUND-OAKLAND,6:09:00,4,EAST BUSWASY + SWISSVALE STATION A,16063,6:40:00,19,8.109572868,4,FIFTH AVE + ROBINSON ST,2640,1/1/2023 6:09,1/1/2023 6:40,0 days 00:31:00,31.0,0.516666667
1173,5412020,12614,183949102,P3,OUTBOUND-SWISSVALE,6:40:00,4,FIFTH AVE + ROBINSON ST,2640,7:09:00,22,8.090248176,4,EAST BUSWASY + SWISSVALE STATION A,16063,1/1/2023 6:40,1/1/2023 7:09,0 days 00:29:00,29.0,0.483333333
1174,13221020,12615,183949102,P3,INBOUND-OAKLAND,7:24:00,4,EAST BUSWASY + SWISSVALE STATION A,16063,7:55:00,19,8.109572868,4,FIFTH AVE + ROBINSON ST,2640,1/1/2023 7:24,1/1/2023 7:55,0 days 00:31:00,31.0,0.516666667
1175,607020,12616,183949102,P3,OUTBOUND-SWISSVALE,7:55:00,4,FIFTH AVE + ROBINSON ST,2640,8:24:00,22,8.090248176,4,EAST BUSWASY + SWISSVALE STATION A,16063,1/1/2023 7:55,1/1/2023 8:24,0 days 00:29:00,29.0,0.483333333
1176,10454020,12619,183949102,P3,INBOUND-OAKLAND,9:49:00,4,EAST BUSWASY + SWISSVALE STATION A,16063,10:15:00,19,8.109572868,4,FIFTH AVE + ROBINSON ST,2640,1/1/2023 9:49,1/1/2023 10:15,0 days 00:26:00,26.0,0.433333333
1177,8771020,12620,183949102,P3,OUTBOUND-SWISSVALE,10:15:00,4,FIFTH AVE + ROBINSON ST,2640,10:43:00,22,8.090248176,4,EAST BUSWASY + SWISSVALE STATION A,16063,1/1/2023 10:15,1/1/2023 10:43,0 days 00:28:00,28.0,0.466666667
1189,6982020,12690,183950202,P3,INBOUND-OAKLAND,6:39:00,4,EAST BUSWASY + SWISSVALE STATION A,16063,7:10:00,19,8.109572868,4,FIFTH AVE + ROBINSON ST,2640,1/1/2023 6:39,1/1/2023 7:10,0 days 00:31:00,31.0,0.516666667
1190,13362020,12691,183950202,P3,OUTBOUND-SWISSVALE,7:10:00,4,FIFTH AVE + ROBINSON ST,2640,7:39:00,22,8.090248176,4,EAST BUSWASY + SWISSVALE STATION A,16063,1/1/2023 7:10,1/1/2023 7:39,0 days 00:29:00,29.0,0.483333333
1191,598020,12692,183950202,P3,INBOUND-OAKLAND,7:54:00,4,EAST BUSWASY + SWISSVALE STATION A,16063,8:25:00,19,8.109572868,4,FIFTH AVE + ROBINSON ST,2640,1/1/2023 7:54,1/1/2023 8:25,0 days 00:31:00,31.0,0.516666667
1192,851020,12693,183950202,P3,OUTBOUND-SWISSVALE,8:25:00,4,FIFTH AVE + ROBINSON ST,2640,8:54:00,22,8.090248176,4,EAST BUSWASY + SWISSVALE STATION A,16063,1/1/2023 8:25,1/1/2023 8:54,0 days 00:29:00,29.0,0.483333333
1193,2085020,12708,183950202,P3,INBOUND-OAKLAND,16:27:00,4,EAST BUSWASY + SWISSVALE STATION A,16063,16:55:00,19,8.109572868,4,FIFTH AVE + ROBINSON ST,2640,1/1/2023 16:27,1/1/2023 16:55,0 days 00:28:00,28.0,0.466666667
1194,992020,12709,183950202,P3,OUTBOUND-SWISSVALE,16:55:00,4,FIFTH AVE + ROBINSON ST,2640,17:24:00,22,8.090248176,4,EAST BUSWASY + SWISSVALE STATION A,16063,1/1/2023 16:55,1/1/2023 17:24,0 days 00:29:00,29.0,0.483333333
1195,1996020,12710,183950202,P3,INBOUND-OAKLAND,17:42:00,4,EAST BUSWASY + SWISSVALE STATION A,16063,18:10:00,19,8.109572868,4,FIFTH AVE + ROBINSON ST,2640,1/1/2023 17:42,1/1/2023 18:10,0 days 00:28:00,28.0,0.466666667
1196,9453020,12711,183950202,P3,OUTBOUND-SWISSVALE,18:10:00,4,FIFTH AVE + ROBINSON ST,2640,18:38:00,22,8.090248176,4,EAST BUSWASY + SWISSVALE STATION A,16063,1/1/2023 18:10,1/1/2023 18:38,0 days 00:28:00,28.0,0.466666667
1210,9676020,12751,183950902,P3,INBOUND-OAKLAND,14:39:00,4,EAST BUSWASY + SWISSVALE STATION A,16063,15:05:00,19,8.109572868,4,FIFTH AVE + ROBINSON ST,2640,1/1/2023 14:39,1/1/2023 15:05,0 days 00:26:00,26.0,0.433333333
1211,10054020,12752,183950902,P3,OUTBOUND-SWISSVALE,15:05:00,4,FIFTH AVE + ROBINSON ST,2640,15:35:00,22,8.090248176,4,EAST BUSWASY + SWISSVALE STATION A,16063,1/1/2023 15:05,1/1/2023 15:35,0 days 00:30:00,30.0,0.5
1212,13887020,12759,183950902,P3,INBOUND-OAKLAND,19:15:00,4,EAST BUSWASY + SWISSVALE STATION A,16063,19:40:00,19,8.109572868,4,FIFTH AVE + ROBINSON ST,2640,1/1/2023 19:15,1/1/2023 19:40,0 days 00:25:00,25.0,0.416666667
1213,9212020,12760,183950902,P3,OUTBOUND-SWISSVALE,19:40:00,4,FIFTH AVE + ROBINSON ST,2640,20:08:00,22,8.090248176,4,EAST BUSWASY + SWISSVALE STATION A,16063,1/1/2023 19:40,1/1/2023 20:08,0 days 00:28:00,28.0,0.466666667
1214,908020,12761,183950902,P3,INBOUND-OAKLAND,20:20:00,4,EAST BUSWASY + SWISSVALE STATION A,16063,20:45:00,19,8.109572868,4,FIFTH AVE + ROBINSON ST,2640,1/1/2023 20:20,1/1/2023 20:45,0 days 00:25:00,25.0,0.416666667
1215,11039020,12762,183950902,P3,OUTBOUND-SWISSVALE,20:45:00,4,FIFTH AVE + ROBINSON ST,2640,21:11:00,22,8.090248176,4,EAST BUSWASY + SWISSVALE STATION A,16063,1/1/2023 20:45,1/1/2023 21:11,0 days 00:26:00,26.0,0.433333333
1248,12580020,13102,183959202,P3,INBOUND-OAKLAND,17:27:00,4,EAST BUSWASY + SWISSVALE STATION A,16063,17:55:00,19,8.109572868,4,FIFTH AVE + ROBINSON ST,2640,1/1/2023 17:27,1/1/2023 17:55,0 days 00:28:00,28.0,0.466666667
1249,13052020,13103,183959202,P3,OUTBOUND-SWISSVALE,17:55:00,4,FIFTH AVE + ROBINSON ST,2640,18:24:00,22,8.090248176,4,EAST BUSWASY + SWISSVALE STATION A,16063,1/1/2023 17:55,1/1/2023 18:24,0 days 00:29:00,29.0,0.483333333
1250,6669020,13104,183959202,P3,INBOUND-OAKLAND,18:40:00,4,EAST BUSWASY + SWISSVALE STATION A,16063,19:05:00,19,8.109572868,4,FIFTH AVE + ROBINSON ST,2640,1/1/2023 18:40,1/1/2023 19:05,0 days 00:25:00,25.0,0.416666667
1251,6289020,13105,183959202,P3,OUTBOUND-SWISSVALE,19:05:00,4,FIFTH AVE + ROBINSON ST,2640,19:33:00,22,8.090248176,4,EAST BUSWASY + SWISSVALE STATION A,16063,1/1/2023 19:05,1/1/2023 19:33,0 days 00:28:00,28.0,0.466666667
1252,6534020,13106,183959202,P3,INBOUND-OAKLAND,19:45:00,4,EAST BUSWASY + SWISSVALE STATION A,16063,20:10:00,19,8.109572868,4,FIFTH AVE + ROBINSON ST,2640,1/1/2023 19:45,1/1/2023 20:10,0 days 00:25:00,25.0,0.416666667
1253,2210020,13107,183959202,P3,OUTBOUND-SWISSVALE,20:10:00,4,FIFTH AVE + ROBINSON ST,2640,20:36:00,22,8.090248176,4,EAST BUSWASY + SWISSVALE STATION A,16063,1/1/2023 20:10,1/1/2023 20:36,0 days 00:26:00,26.0,0.433333333
1254,12795020,13108,183959202,P3,INBOUND-OAKLAND,20:50:00,4,EAST BUSWASY + SWISSVALE STATION A,16063,21:15:00,19,8.109572868,4,FIFTH AVE + ROBINSON ST,2640,1/1/2023 20:50,1/1/2023 21:15,0 days 00:25:00,25.0,0.416666667
1255,5826020,13109,183959202,P3,OUTBOUND-SWISSVALE,21:15:00,4,FIFTH AVE + ROBINSON ST,2640,21:41:00,22,8.090248176,4,EAST BUSWASY + SWISSVALE STATION A,16063,1/1/2023 21:15,1/1/2023 21:41,0 days 00:26:00,26.0,0.433333333
1260,6988020,13154,183960802,P3,INBOUND-OAKLAND,9:24:00,4,EAST BUSWASY + SWISSVALE STATION A,16063,9:50:00,19,8.109572868,4,FIFTH AVE + ROBINSON ST,2640,1/1/2023 9:24,1/1/2023 9:50,0 days 00:26:00,26.0,0.433333333
1261,3996020,13155,183960802,P3,OUTBOUND-SWISSVALE,9:50:00,4,FIFTH AVE + ROBINSON ST,2640,10:18:00,22,8.090248176,4,EAST BUSWASY + SWISSVALE STATION A,16063,1/1/2023 9:50,1/1/2023 10:18,0 days 00:28:00,28.0,0.466666667
1262,8268020,13156,183960802,P3,INBOUND-OAKLAND,10:49:00,4,EAST BUSWASY + SWISSVALE STATION A,16063,11:15:00,19,8.109572868,4,FIFTH AVE + ROBINSON ST,2640,1/1/2023 10:49,1/1/2023 11:15,0 days 00:26:00,26.0,0.433333333
1263,8905020,13157,183960802,P3,OUTBOUND-SWISSVALE,11:15:00,4,FIFTH AVE + ROBINSON ST,2640,11:43:00,22,8.090248176,4,EAST BUSWASY + SWISSVALE STATION A,16063,1/1/2023 11:15,1/1/2023 11:43,0 days 00:28:00,28.0,0.466666667
1264,11134020,13158,183960802,P3,INBOUND-OAKLAND,12:19:00,4,EAST BUSWASY + SWISSVALE STATION A,16063,12:45:00,19,8.109572868,4,FIFTH AVE + ROBINSON ST,2640,1/1/2023 12:19,1/1/2023 12:45,0 days 00:26:00,26.0,0.433333333
1265,3681020,13159,183960802,P3,OUTBOUND-SWISSVALE,12:45:00,4,FIFTH AVE + ROBINSON ST,2640,13:13:00,22,8.090248176,4,EAST BUSWASY + SWISSVALE STATION A,16063,1/1/2023 12:45,1/1/2023 13:13,0 days 00:28:00,28.0,0.466666667
1266,2321020,13162,183961002,P3,INBOUND-OAKLAND,13:44:00,4,EAST BUSWASY + SWISSVALE STATION A,16063,14:10:00,19,8.109572868,4,FIFTH AVE + ROBINSON ST,2640,1/1/2023 13:44,1/1/2023 14:10,0 days 00:26:00,26.0,0.433333333
1267,370020,13163,183961002,P3,OUTBOUND-SWISSVALE,14:10:00,4,FIFTH AVE + ROBINSON ST,2640,14:40:00,22,8.090248176,4,EAST BUSWASY + SWISSVALE STATION A,16063,1/1/2023 14:10,1/1/2023 14:40,0 days 00:30:00,30.0,0.5
1268,10221020,13166,183961002,P3,INBOUND-OAKLAND,15:57:00,4,EAST BUSWASY + SWISSVALE STATION A,16063,16:25:00,19,8.109572868,4,FIFTH AVE + ROBINSON ST,2640,1/1/2023 15:57,1/1/2023 16:25,0 days 00:28:00,28.0,0.466666667
1269,5407020,13167,183961002,P3,OUTBOUND-SWISSVALE,16:25:00,4,FIFTH AVE + ROBINSON ST,2640,16:54:00,22,8.090248176,4,EAST BUSWASY + SWISSVALE STATION A,16063,1/1/2023 16:25,1/1/2023 16:54,0 days 00:29:00,29.0,0.483333333
1270,4006020,13168,183961002,P3,INBOUND-OAKLAND,17:12:00,4,EAST BUSWASY + SWISSVALE STATION A,16063,17:40:00,19,8.109572868,4,FIFTH AVE + ROBINSON ST,2640,1/1/2023 17:12,1/1/2023 17:40,0 days 00:28:00,28.0,0.466666667
1271,6659020,13169,183961002,P3,OUTBOUND-SWISSVALE,17:40:00,4,FIFTH AVE + ROBINSON ST,2640,18:09:00,22,8.090248176,4,EAST BUSWASY + SWISSVALE STATION A,16063,1/1/2023 17:40,1/1/2023 18:09,0 days 00:29:00,29.0,0.483333333
1348,10726020,13569,183972302,P3,INBOUND-OAKLAND,8:59:00,4,EAST BUSWASY + SWISSVALE STATION A,16063,9:25:00,19,8.109572868,4,FIFTH AVE + ROBINSON ST,2640,1/1/2023 8:59,1/1/2023 9:25,0 days 00:26:00,26.0,0.433333333
1349,12172020,13570,183972302,P3,OUTBOUND-SWISSVALE,9:25:00,4,FIFTH AVE + ROBINSON ST,2640,9:53:00,22,8.090248176,4,EAST BUSWASY + SWISSVALE STATION A,16063,1/1/2023 9:25,1/1/2023 9:53,0 days 00:28:00,28.0,0.466666667
1350,7786020,13571,183972302,P3,INBOUND-OAKLAND,10:19:00,4,EAST BUSWASY + SWISSVALE STATION A,16063,10:45:00,19,8.109572868,4,FIFTH AVE + ROBINSON ST,2640,1/1/2023 10:19,1/1/2023 10:45,0 days 00:26:00,26.0,0.433333333
1351,8992020,13572,183972302,P3,OUTBOUND-SWISSVALE,10:45:00,4,FIFTH AVE + ROBINSON ST,2640,11:13:00,22,8.090248176,4,EAST BUSWASY + SWISSVALE STATION A,16063,1/1/2023 10:45,1/1/2023 11:13,0 days 00:28:00,28.0,0.466666667
1352,7274020,13573,183972302,P3,INBOUND-OAKLAND,11:49:00,4,EAST BUSWASY + SWISSVALE STATION A,16063,12:15:00,19,8.109572868,4,FIFTH AVE + ROBINSON ST,2640,1/1/2023 11:49,1/1/2023 12:15,0 days 00:26:00,26.0,0.433333333
1353,11158020,13574,183972302,P3,OUTBOUND-SWISSVALE,12:15:00,4,FIFTH AVE + ROBINSON ST,2640,12:43:00,22,8.090248176,4,EAST BUSWASY + SWISSVALE STATION A,16063,1/1/2023 12:15,1/1/2023 12:43,0 days 00:28:00,28.0,0.466666667
